playerName,match_id,team,total_actions,min_minute,max_minute,minutes_played_approx,matches_played,passes_attempted,passes_completed,avg_pass_distance,assists,key_passes,pass_completion_rate,goals,shots_total,shots_on_target,defensive_actions,avg_x_position,avg_y_position,primary_zone,shot_conversion_rate,shots_on_target_rate
B. Cremaschi,9w8deaiy5uf0ih5oc7qhz3mc,Inter Miami,69,0,70,70,1,43,40,15.811627906976744,0,0,0.93,0,0,0,0,47.452173913043474,58.45942028985507,Back,0.0,0.0
B. Cremaschi,byf955io6xgvf7su9y47ronx0,Inter Miami,31,66,98,32,1,20,16,12.254999999999999,0,0,0.8,0,0,0,1,48.670967741935485,35.00645161290323,Back,0.0,0.0
B. Cremaschi,c1tdm3jz5an27cuz78xy86vpw,Inter Miami,8,87,96,9,1,2,2,14.6,0,0,1.0,0,0,0,2,34.175,37.1125,Back,0.0,0.0
B. Cremaschi,c6vrgv87dm72s2y40q3ttva50,Inter Miami,29,74,92,18,1,15,14,14.886666666666667,0,0,0.933,1,1,1,1,44.813793103448276,32.11724137931034,Center,1.0,1.0
B. Cremaschi,cb9006cs9kehwz8ap1ck5yuxg,Inter Miami,27,65,94,29,1,17,14,10.100000000000001,0,0,0.824,0,0,0,1,43.65555555555556,28.6037037037037,Back,0.0,0.0
B. Cremaschi,cfy4ashpksik9xzjedz5452xg,Inter Miami,69,0,71,71,1,51,45,14.186274509803921,0,0,0.882,1,1,1,2,41.48985507246377,33.96811594202899,Back,1.0,1.0
B. Cremaschi,ckmcmqo8boll33tc61hjgzfo4,Inter Miami,78,1,79,78,1,44,41,14.729545454545455,0,0,0.932,0,1,0,6,47.27307692307693,55.73076923076923,Back,0.0,0.0
B. Cremaschi,coxsvcbbbjq4d8wd51q299rtg,Inter Miami,55,0,56,56,1,28,22,11.664285714285715,0,0,0.786,0,1,1,4,44.443636363636365,29.065454545454543,Back,0.0,1.0
B. Cremaschi,cwzw5swiesqr3ydy2yvam2xw4,Inter Miami,40,1,64,63,1,22,17,13.895454545454545,0,2,0.773,0,1,1,3,44.5625,69.45,Back,0.0,1.0
B. Cremaschi,d2pikh7uihqma5tcma5kgqt5g,Inter Miami,84,29,94,65,1,46,39,12.945652173913043,0,0,0.848,0,1,1,5,44.017857142857146,29.509523809523813,Back,0.0,1.0
B. Cremaschi,da10g1075djkp576blwf02ot0,Inter Miami,96,0,97,97,1,48,42,15.091666666666667,1,1,0.875,0,4,1,3,52.88645833333334,63.45208333333333,Back,0.0,0.25
B. Cremaschi,ddekboxnr2o38pdizzdu85kb8,Inter Miami,77,1,91,90,1,44,34,16.259090909090908,0,1,0.773,0,1,0,4,46.58701298701298,38.23766233766234,Back,0.0,0.0
B. Cremaschi,dlgkjhvgnhkv4djzghrmg9hw,Inter Miami,71,0,86,86,1,42,39,15.600000000000001,0,1,0.929,1,2,2,5,59.53239436619719,61.53802816901408,Center,0.5,1.0
B. Cremaschi,do4qxfxt0q5pw0jd01cnrpd78,Inter Miami,74,0,94,94,1,45,38,14.435555555555556,0,2,0.844,0,1,1,1,56.49864864864865,51.939189189189186,Center,0.0,1.0
B. Cremaschi,dq4r9bl2r9hs0m18ya67hyq6s,Inter Miami,55,5,89,84,1,30,25,15.256666666666666,0,1,0.833,1,2,1,4,47.42,42.14909090909091,Back,0.5,0.5
B. Cremaschi,duikvoxe3gtbkfy24xuiy6nf8,Inter Miami,54,0,78,78,1,29,27,13.958620689655174,0,1,0.931,0,0,0,0,49.81111111111112,66.09629629629629,Back,0.0,0.0
B. Cremaschi,edzhg7z0eusmz6th473w1f1g4,Inter Miami,10,68,90,22,1,6,5,26.25,0,0,0.833,0,0,0,0,44.980000000000004,28.8,Back,0.0,0.0
B. Cremaschi,el0tqopdgbrk2t0qrb9b8brx0,Inter Miami,26,72,98,26,1,9,9,17.711111111111112,0,0,1.0,0,0,0,1,45.25384615384615,53.43076923076923,Back,0.0,0.0
B. Cremaschi,eppstv8yepw0feyhm7d7sxvkk,Inter Miami,16,79,98,19,1,6,4,14.15,0,0,0.667,0,0,0,0,40.30625,70.1875,Back,0.0,0.0
B. Cremaschi,ete2n98x12os61ima2z2eb8k4,Inter Miami,61,0,95,95,1,42,39,14.859523809523811,0,2,0.929,0,0,0,3,45.45737704918033,53.58032786885246,Back,0.0,0.0
B. Cremaschi,f20c2s8dgvew3tjalw8rcohec,Inter Miami,7,80,90,10,1,3,3,21.066666666666666,0,0,1.0,0,1,1,0,52.05714285714286,13.5,Center,0.0,1.0
B. Cremaschi,f3dhoiulp1kcatx9kog50j28k,Inter Miami,18,92,100,8,1,12,12,11.983333333333334,0,0,1.0,0,1,0,1,55.97777777777778,40.5,Center,0.0,0.0
C. dos Santos,bipgf5sgxyyiuukfq8aebsglw,Inter Miami,48,0,93,93,1,36,33,26.702777777777776,0,0,0.917,0,0,0,0,11.277083333333332,52.06041666666667,Back,0.0,0.0
D. Callender,2sxfrjdudoknsnmimee3zvo4,Inter Miami,57,5,98,93,1,38,27,32.41842105263158,0,0,0.711,0,0,0,0,10.521052631578948,48.545614035087716,Back,0.0,0.0
D. Callender,ay6myrdic7bsjp8ooflsqra50,Inter Miami,44,0,93,93,1,29,24,25.53103448275862,0,0,0.828,0,0,0,1,7.418181818181818,52.622727272727275,Back,0.0,0.0
D. Callender,b46l3cvyvfs72fien9ikexel0,Inter Miami,44,0,97,97,1,25,24,22.715999999999998,0,0,0.96,0,0,0,0,5.822727272727272,50.43181818181818,Back,0.0,0.0
D. Callender,b56dxdoyl4r6xmsx4d81rd7h0,Inter Miami,42,6,88,82,1,32,26,23.903125,0,0,0.812,0,0,0,1,6.788095238095239,50.2547619047619,Back,0.0,0.0
D. Callender,bdfjn1p7xzvv8y1scnapo8u1g,Inter Miami,18,0,99,99,1,10,10,24.61,0,0,1.0,0,0,0,0,9.45,48.05555555555556,Back,0.0,0.0
D. Callender,be59y7ozml1e9bp99gudz26tw,Inter Miami,75,1,96,95,1,41,25,36.136585365853655,0,0,0.61,0,0,0,2,8.153333333333334,49.55066666666667,Back,0.0,0.0
D. Callender,bo2j3mnedzz5ogqlyifb8a710,Inter Miami,50,2,98,96,1,36,30,25.683333333333334,0,0,0.833,0,0,0,2,11.99,48.023999999999994,Back,0.0,0.0
D. Callender,bsfgyblk548coooab3nldi784,Inter Miami,36,7,95,88,1,24,16,38.74166666666667,0,0,0.667,0,0,0,0,8.830555555555556,49.105555555555554,Back,0.0,0.0
D. Callender,byf955io6xgvf7su9y47ronx0,Inter Miami,54,3,98,95,1,39,30,27.005128205128205,0,0,0.769,0,0,0,0,12.366666666666665,49.51296296296296,Back,0.0,0.0
D. Callender,c1tdm3jz5an27cuz78xy86vpw,Inter Miami,70,0,96,96,1,44,33,28.41590909090909,0,0,0.75,0,0,0,1,8.15857142857143,50.981428571428566,Back,0.0,0.0
D. Callender,c6vrgv87dm72s2y40q3ttva50,Inter Miami,31,5,94,89,1,27,25,21.1037037037037,0,0,0.926,0,0,0,0,7.570967741935483,49.03548387096774,Back,0.0,0.0
D. Callender,cb9006cs9kehwz8ap1ck5yuxg,Inter Miami,60,1,96,95,1,42,34,22.030952380952378,0,0,0.81,0,0,0,1,8.198333333333332,50.080000000000005,Back,0.0,0.0
D. Callender,cfy4ashpksik9xzjedz5452xg,Inter Miami,53,0,96,96,1,33,22,29.25151515151515,0,0,0.667,0,0,0,2,6.577358490566037,47.73207547169812,Back,0.0,0.0
D. Callender,ckmcmqo8boll33tc61hjgzfo4,Inter Miami,40,1,95,94,1,29,26,27.12758620689655,0,0,0.897,0,0,0,0,6.967499999999999,51.692499999999995,Back,0.0,0.0
D. Callender,coxsvcbbbjq4d8wd51q299rtg,Inter Miami,44,0,99,99,1,27,21,25.47407407407407,0,0,0.778,0,0,0,0,10.950000000000001,48.64772727272727,Back,0.0,0.0
D. Callender,cwzw5swiesqr3ydy2yvam2xw4,Inter Miami,53,0,97,97,1,41,34,29.553658536585367,0,0,0.829,0,0,0,0,9.211320754716981,50.86415094339623,Back,0.0,0.0
D. Callender,cxzecf9qypdtwu2zgjw90tuz8,Inter Miami,29,5,96,91,1,18,18,22.02777777777778,0,0,1.0,0,0,0,0,6.310344827586207,50.1448275862069,Back,0.0,0.0
D. Callender,d2pikh7uihqma5tcma5kgqt5g,Inter Miami,67,0,94,94,1,47,40,23.121276595744682,0,0,0.851,0,0,0,0,7.883582089552239,49.55820895522388,Back,0.0,0.0
D. Callender,da10g1075djkp576blwf02ot0,Inter Miami,52,0,99,99,1,40,32,33.394999999999996,0,0,0.8,0,0,0,1,8.60576923076923,46.236538461538466,Back,0.0,0.0
D. Callender,ddekboxnr2o38pdizzdu85kb8,Inter Miami,40,3,94,91,1,26,20,30.803846153846152,0,0,0.769,0,0,0,0,6.815,50.8425,Back,0.0,0.0
D. Callender,dlgkjhvgnhkv4djzghrmg9hw,Inter Miami,32,6,91,85,1,26,25,26.307692307692307,0,0,0.962,0,0,0,0,11.38125,49.228125,Back,0.0,0.0
D. Callender,do4qxfxt0q5pw0jd01cnrpd78,Inter Miami,48,4,96,92,1,32,22,30.88125,0,0,0.688,0,0,0,0,10.21875,49.92083333333333,Back,0.0,0.0
D. Callender,dq4r9bl2r9hs0m18ya67hyq6s,Inter Miami,65,2,98,96,1,48,43,24.325,0,0,0.896,0,0,0,0,8.678461538461539,49.58615384615384,Back,0.0,0.0
D. Callender,duikvoxe3gtbkfy24xuiy6nf8,Inter Miami,46,0,81,81,1,29,22,26.57241379310345,0,0,0.759,0,0,0,1,9.554347826086957,49.01521739130435,Back,0.0,0.0
D. Callender,e4wnse667o2jzwpnq194v19n8,Inter Miami,51,2,95,93,1,34,29,26.311764705882354,0,0,0.853,0,0,0,0,8.052941176470588,49.800000000000004,Back,0.0,0.0
D. Callender,e8wyyiyq7fpikh679ufiez47o,Inter Miami,65,1,95,94,1,46,42,24.065217391304348,0,0,0.913,0,0,0,2,11.641538461538461,51.255384615384614,Back,0.0,0.0
D. Callender,edzhg7z0eusmz6th473w1f1g4,Inter Miami,79,5,91,86,1,52,29,36.353846153846156,0,0,0.558,0,0,0,1,9.349367088607595,51.05822784810127,Back,0.0,0.0
D. Callender,el0tqopdgbrk2t0qrb9b8brx0,Inter Miami,58,2,97,95,1,42,36,27.85238095238095,0,0,0.857,0,0,0,0,7.917241379310345,50.179310344827584,Back,0.0,0.0
D. Callender,eppstv8yepw0feyhm7d7sxvkk,Inter Miami,74,0,96,96,1,44,37,22.89090909090909,0,0,0.841,0,0,0,0,10.035135135135135,49.839189189189185,Back,0.0,0.0
D. Callender,ete2n98x12os61ima2z2eb8k4,Inter Miami,60,1,94,93,1,41,35,23.909756097560976,0,0,0.854,0,0,0,1,8.941666666666666,47.58833333333334,Back,0.0,0.0
D. Callender,f20c2s8dgvew3tjalw8rcohec,Inter Miami,84,1,90,89,1,55,47,28.087272727272726,0,0,0.855,0,0,0,2,9.994047619047619,50.40833333333334,Back,0.0,0.0
D. Callender,f3dhoiulp1kcatx9kog50j28k,Inter Miami,23,3,99,96,1,19,18,23.647368421052633,0,0,0.947,0,0,0,0,8.730434782608695,51.38260869565217,Back,0.0,0.0
D. Gómez,2sxfrjdudoknsnmimee3zvo4,Inter Miami,75,0,86,86,1,47,41,13.2,0,0,0.872,0,0,0,3,55.756,71.12133333333334,Back,0.0,0.0
D. Gómez,9w8deaiy5uf0ih5oc7qhz3mc,Inter Miami,14,79,94,15,1,7,7,13.214285714285714,0,0,1.0,0,0,0,0,51.01428571428572,63.5,Back,0.0,0.0
D. Gómez,ay6myrdic7bsjp8ooflsqra50,Inter Miami,94,0,92,92,1,41,34,15.651219512195123,0,2,0.829,1,3,2,11,50.31276595744681,62.64787234042553,Back,0.333,0.667
D. Gómez,b46l3cvyvfs72fien9ikexel0,Inter Miami,69,3,83,80,1,37,30,14.210810810810809,0,0,0.811,0,2,2,5,56.63913043478261,68.01014492753623,Center,0.0,1.0
D. Gómez,b56dxdoyl4r6xmsx4d81rd7h0,Inter Miami,79,0,78,78,1,38,34,17.5,0,0,0.895,0,0,0,5,41.44303797468354,64.42784810126582,Back,0.0,0.0
D. Gómez,bdfjn1p7xzvv8y1scnapo8u1g,Inter Miami,21,65,99,34,1,17,13,23.541176470588233,0,0,0.765,0,0,0,0,56.17619047619048,51.061904761904756,Center,0.0,0.0
D. Gómez,be59y7ozml1e9bp99gudz26tw,Inter Miami,86,2,94,92,1,36,28,19.655555555555555,0,1,0.778,0,0,0,9,56.29883720930232,57.27906976744186,Center,0.0,0.0
D. Gómez,bo2j3mnedzz5ogqlyifb8a710,Inter Miami,93,0,96,96,1,46,34,15.66304347826087,0,3,0.739,0,1,0,6,54.60645161290322,56.19139784946237,Center,0.0,0.0
D. Gómez,bsfgyblk548coooab3nldi784,Inter Miami,53,41,95,54,1,28,21,14.15,0,0,0.75,0,1,1,2,49.0245283018868,63.735849056603776,Back,0.0,1.0
D. Gómez,byf955io6xgvf7su9y47ronx0,Inter Miami,90,0,92,92,1,49,44,12.83061224489796,1,0,0.898,1,2,2,4,57.621111111111105,71.32111111111111,Center,0.5,1.0
D. Gómez,c1tdm3jz5an27cuz78xy86vpw,Inter Miami,35,0,40,40,1,15,9,13.386666666666667,0,2,0.6,0,0,0,1,57.114285714285714,67.00857142857143,Center,0.0,0.0
D. Gómez,dlgkjhvgnhkv4djzghrmg9hw,Inter Miami,31,57,92,35,1,21,19,14.399999999999999,0,1,0.905,0,1,1,1,53.248387096774195,57.88387096774194,Center,0.0,1.0
D. Gómez,do4qxfxt0q5pw0jd01cnrpd78,Inter Miami,56,1,78,77,1,23,17,14.6,0,0,0.739,0,4,3,3,56.78928571428571,68.03928571428571,Center,0.0,0.75
D. Gómez,dq4r9bl2r9hs0m18ya67hyq6s,Inter Miami,73,0,97,97,1,42,37,17.235714285714284,0,0,0.881,0,2,2,3,45.45068493150685,56.13013698630137,Back,0.0,1.0
D. Gómez,e4wnse667o2jzwpnq194v19n8,Inter Miami,46,0,79,79,1,18,10,14.788888888888888,1,0,0.556,1,2,2,2,61.85,75.01739130434783,Back,0.5,1.0
D. Gómez,edzhg7z0eusmz6th473w1f1g4,Inter Miami,57,0,85,85,1,21,19,13.633333333333335,0,0,0.905,0,1,0,7,44.29298245614035,65.32280701754387,Back,0.0,0.0
D. Gómez,el0tqopdgbrk2t0qrb9b8brx0,Inter Miami,74,0,90,90,1,36,26,15.18611111111111,1,2,0.722,0,2,0,6,48.020270270270274,66.41891891891892,Back,0.0,0.0
D. Gómez,eppstv8yepw0feyhm7d7sxvkk,Inter Miami,67,2,79,77,1,45,37,15.30888888888889,0,0,0.822,0,0,0,1,54.62985074626865,67.34925373134328,Center,0.0,0.0
D. Gómez,f3dhoiulp1kcatx9kog50j28k,Inter Miami,78,1,92,91,1,37,28,15.564864864864864,0,1,0.757,0,2,2,2,62.18846153846154,66.28717948717949,Center,0.0,1.0
D. Martínez,dlgkjhvgnhkv4djzghrmg9hw,Inter Miami,100,0,86,86,1,80,70,23.4075,1,0,0.875,0,0,0,4,36.186,75.82600000000001,Back,0.0,0.0
D. Martínez,edzhg7z0eusmz6th473w1f1g4,Inter Miami,71,0,88,88,1,41,36,22.18536585365854,0,1,0.878,0,0,0,13,28.935211267605634,72.52112676056338,Back,0.0,0.0
D. Martínez,el0tqopdgbrk2t0qrb9b8brx0,Inter Miami,112,0,98,98,1,72,61,22.170833333333334,0,0,0.847,0,0,0,14,28.92142857142857,73.27499999999999,Back,0.0,0.0
D. Martínez,eppstv8yepw0feyhm7d7sxvkk,Inter Miami,21,0,14,14,1,12,9,19.058333333333334,0,0,0.75,0,0,0,1,32.4,73.34285714285714,Back,0.0,0.0
D. Ruíz,2sxfrjdudoknsnmimee3zvo4,Inter Miami,22,68,99,31,1,9,8,11.100000000000001,0,0,0.889,0,1,1,2,49.32272727272727,31.58181818181818,Back,0.0,1.0
D. Ruíz,9w8deaiy5uf0ih5oc7qhz3mc,Inter Miami,50,0,60,60,1,34,30,15.25294117647059,0,0,0.882,0,0,0,1,40.676,43.592,Back,0.0,0.0
D. Ruíz,ay6myrdic7bsjp8ooflsqra50,Inter Miami,13,75,93,18,1,10,10,17.509999999999998,0,0,1.0,0,0,0,1,39.89999999999999,45.56153846153846,Back,0.0,0.0
D. Ruíz,b46l3cvyvfs72fien9ikexel0,Inter Miami,33,66,96,30,1,20,17,13.09,0,1,0.85,0,0,0,2,54.79090909090909,73.84545454545454,Left,0.0,0.0
D. Ruíz,b56dxdoyl4r6xmsx4d81rd7h0,Inter Miami,27,66,91,25,1,15,13,12.006666666666666,0,0,0.867,0,0,0,3,46.11851851851852,42.770370370370365,Back,0.0,0.0
D. Ruíz,bdfjn1p7xzvv8y1scnapo8u1g,Inter Miami,108,1,99,98,1,65,50,14.529230769230768,0,0,0.769,0,1,1,5,58.833333333333336,15.400925925925925,Back,0.0,1.0
D. Ruíz,be59y7ozml1e9bp99gudz26tw,Inter Miami,69,1,98,97,1,42,36,16.964285714285715,0,1,0.857,0,1,0,4,40.63913043478261,15.865217391304348,Back,0.0,0.0
D. Ruíz,bo2j3mnedzz5ogqlyifb8a710,Inter Miami,71,0,97,97,1,37,36,14.68918918918919,0,0,0.973,0,2,1,2,58.292957746478876,40.39718309859155,Center,0.0,0.5
D. Ruíz,bsfgyblk548coooab3nldi784,Inter Miami,93,1,96,95,1,52,42,13.090384615384616,1,0,0.808,0,1,0,12,47.28279569892473,20.967741935483872,Back,0.0,0.0
D. Ruíz,byf955io6xgvf7su9y47ronx0,Inter Miami,80,0,96,96,1,50,49,14.072000000000001,1,0,0.98,0,0,0,4,52.38875,71.08375,Back,0.0,0.0
D. Ruíz,c1tdm3jz5an27cuz78xy86vpw,Inter Miami,65,0,96,96,1,41,33,16.907317073170734,0,0,0.805,0,0,0,4,41.75846153846154,59.24923076923076,Back,0.0,0.0
D. Ruíz,c6vrgv87dm72s2y40q3ttva50,Inter Miami,89,0,93,93,1,53,48,15.377358490566039,0,1,0.906,0,0,0,3,54.70561797752809,67.04606741573033,Back,0.0,0.0
D. Ruíz,cb9006cs9kehwz8ap1ck5yuxg,Inter Miami,46,1,45,44,1,29,25,13.39655172413793,0,0,0.862,0,0,0,3,40.70652173913044,62.29130434782609,Back,0.0,0.0
D. Ruíz,cfy4ashpksik9xzjedz5452xg,Inter Miami,20,71,92,21,1,13,11,15.776923076923076,0,0,0.846,0,0,0,0,41.864999999999995,36.93,Back,0.0,0.0
D. Ruíz,ckmcmqo8boll33tc61hjgzfo4,Inter Miami,11,79,94,15,1,5,5,15.180000000000001,0,0,1.0,0,0,0,1,35.82727272727273,50.972727272727276,Back,0.0,0.0
D. Ruíz,coxsvcbbbjq4d8wd51q299rtg,Inter Miami,26,81,97,16,1,13,11,21.53076923076923,0,0,0.846,0,1,0,0,49.715384615384615,63.56153846153846,Center,0.0,0.0
D. Ruíz,cwzw5swiesqr3ydy2yvam2xw4,Inter Miami,21,81,96,15,1,5,3,12.120000000000001,0,0,0.6,0,1,1,4,28.704761904761902,40.29047619047619,Back,0.0,1.0
D. Ruíz,da10g1075djkp576blwf02ot0,Inter Miami,87,0,67,67,1,61,55,16.73934426229508,0,0,0.902,0,0,0,1,45.63333333333333,34.68735632183908,Back,0.0,0.0
D. Ruíz,do4qxfxt0q5pw0jd01cnrpd78,Inter Miami,6,94,99,5,1,2,2,8.15,0,0,1.0,0,0,0,0,39.43333333333333,20.25,Back,0.0,0.0
D. Ruíz,dq4r9bl2r9hs0m18ya67hyq6s,Inter Miami,5,89,98,9,1,2,2,10.850000000000001,0,0,1.0,0,0,0,0,34.32,39.94,Back,0.0,0.0
D. Ruíz,duikvoxe3gtbkfy24xuiy6nf8,Inter Miami,21,65,91,26,1,10,8,13.09,0,0,0.8,0,1,0,2,39.357142857142854,59.84761904761905,Back,0.0,0.0
D. Ruíz,e4wnse667o2jzwpnq194v19n8,Inter Miami,11,79,97,18,1,6,5,16.349999999999998,0,1,0.833,0,0,0,0,54.17272727272727,54.41818181818182,Back,0.0,0.0
D. Ruíz,e8wyyiyq7fpikh679ufiez47o,Inter Miami,17,69,93,24,1,8,8,10.7875,0,0,1.0,0,1,0,0,48.588235294117645,44.86470588235294,Back,0.0,0.0
D. Ruíz,edzhg7z0eusmz6th473w1f1g4,Inter Miami,4,85,90,5,1,0,0,0.0,0,0,0.0,0,0,0,0,31.6,52.25,Back,0.0,0.0
D. Ruíz,el0tqopdgbrk2t0qrb9b8brx0,Inter Miami,14,72,98,26,1,9,8,13.433333333333334,0,0,0.889,0,0,0,0,39.65,33.01428571428571,Back,0.0,0.0
D. Ruíz,eppstv8yepw0feyhm7d7sxvkk,Inter Miami,1,91,91,0,1,0,0,0.0,0,0,0.0,0,0,0,0,0.0,0.0,Unknown,0.0,0.0
D. Ruíz,ete2n98x12os61ima2z2eb8k4,Inter Miami,52,0,66,66,1,26,22,11.98076923076923,0,0,0.846,1,2,2,5,46.04423076923077,25.70384615384615,Back,0.5,1.0
D. Ruíz,f3dhoiulp1kcatx9kog50j28k,Inter Miami,12,92,98,6,1,10,10,16.35,0,0,1.0,0,0,0,0,53.525,43.71666666666667,Center,0.0,0.0
D. Yedlin,ay6myrdic7bsjp8ooflsqra50,Inter Miami,69,0,93,93,1,50,43,13.944,0,0,0.86,0,0,0,7,40.14202898550725,15.482608695652173,Back,0.0,0.0
D. Yedlin,b46l3cvyvfs72fien9ikexel0,Inter Miami,91,0,94,94,1,52,44,15.359615384615385,0,0,0.846,0,0,0,8,47.682417582417585,14.5010989010989,Back,0.0,0.0
D. Yedlin,b56dxdoyl4r6xmsx4d81rd7h0,Inter Miami,62,0,89,89,1,32,28,15.81875,0,0,0.875,0,0,0,9,31.309677419354838,8.546774193548387,Back,0.0,0.0
F. Negri,9w8deaiy5uf0ih5oc7qhz3mc,Inter Miami,98,0,95,95,1,59,48,13.742372881355932,0,0,0.814,0,0,0,9,40.09795918367347,86.93061224489797,Back,0.0,0.0
F. Negri,bsfgyblk548coooab3nldi784,Inter Miami,106,3,96,93,1,65,56,14.604615384615384,1,0,0.862,0,0,0,11,45.445283018867926,87.98207547169811,Back,0.0,0.0
F. Negri,byf955io6xgvf7su9y47ronx0,Inter Miami,30,77,95,18,1,16,10,15.69375,0,0,0.625,0,0,0,1,40.46,79.10333333333332,Back,0.0,0.0
F. Negri,c1tdm3jz5an27cuz78xy86vpw,Inter Miami,87,0,95,95,1,50,38,14.708,0,0,0.76,1,1,1,7,38.87241379310345,81.23448275862069,Back,1.0,1.0
F. Negri,c6vrgv87dm72s2y40q3ttva50,Inter Miami,95,0,93,93,1,63,55,16.82857142857143,0,1,0.873,0,1,1,9,51.30315789473684,84.6842105263158,Back,0.0,1.0
F. Negri,cb9006cs9kehwz8ap1ck5yuxg,Inter Miami,75,0,83,83,1,47,38,16.02978723404255,0,1,0.809,0,0,0,4,38.264,84.99199999999999,Back,0.0,0.0
F. Negri,cfy4ashpksik9xzjedz5452xg,Inter Miami,55,0,95,95,1,29,21,18.489655172413794,0,0,0.724,0,0,0,8,34.59090909090909,84.6109090909091,Back,0.0,0.0
F. Negri,ckmcmqo8boll33tc61hjgzfo4,Inter Miami,46,1,63,62,1,26,21,14.042307692307693,0,1,0.808,0,0,0,5,46.94130434782609,77.2108695652174,Back,0.0,0.0
F. Negri,da10g1075djkp576blwf02ot0,Inter Miami,3,97,100,3,1,1,0,28.6,0,0,0.0,0,0,0,0,16.8,13.799999999999999,Center,0.0,0.0
F. Negri,duikvoxe3gtbkfy24xuiy6nf8,Inter Miami,72,1,92,91,1,57,45,16.014035087719297,0,2,0.789,0,0,0,2,47.96944444444445,85.67916666666666,Back,0.0,0.0
F. Negri,ete2n98x12os61ima2z2eb8k4,Inter Miami,75,0,95,95,1,53,42,15.215094339622642,0,2,0.792,0,1,0,6,47.166666666666664,84.284,Back,0.0,0.0
F. Redondo,2sxfrjdudoknsnmimee3zvo4,Inter Miami,67,0,68,68,1,38,33,13.055263157894737,0,0,0.868,0,0,0,4,48.56716417910448,41.950746268656715,Back,0.0,0.0
F. Redondo,bdfjn1p7xzvv8y1scnapo8u1g,Inter Miami,76,0,65,65,1,54,46,17.99074074074074,0,1,0.852,0,1,0,3,49.328947368421055,50.232894736842105,Back,0.0,0.0
F. Redondo,be59y7ozml1e9bp99gudz26tw,Inter Miami,86,1,94,93,1,56,48,15.9,1,1,0.857,0,2,1,3,49.246511627906976,49.716279069767445,Back,0.0,0.5
F. Redondo,cwzw5swiesqr3ydy2yvam2xw4,Inter Miami,18,64,94,30,1,8,8,10.5,0,0,1.0,0,0,0,1,31.78888888888889,16.62222222222222,Back,0.0,0.0
F. Redondo,cxzecf9qypdtwu2zgjw90tuz8,Inter Miami,141,0,96,96,1,108,99,15.136111111111111,0,1,0.917,0,1,1,3,55.802127659574474,53.53687943262411,Center,0.0,1.0
F. Redondo,d2pikh7uihqma5tcma5kgqt5g,Inter Miami,27,1,29,28,1,23,19,16.708695652173912,0,0,0.826,0,0,0,0,39.82592592592592,24.225925925925928,Back,0.0,0.0
F. Redondo,do4qxfxt0q5pw0jd01cnrpd78,Inter Miami,100,0,97,97,1,67,63,16.46268656716418,0,1,0.94,0,1,0,3,48.15,40.498000000000005,Back,0.0,0.0
F. Redondo,duikvoxe3gtbkfy24xuiy6nf8,Inter Miami,75,1,65,64,1,51,47,16.521568627450982,0,0,0.922,0,0,0,3,44.654666666666664,50.135999999999996,Back,0.0,0.0
F. Redondo,e4wnse667o2jzwpnq194v19n8,Inter Miami,105,0,95,95,1,63,58,14.89047619047619,1,0,0.921,2,2,2,8,47.26761904761905,40.21047619047619,Back,1.0,1.0
F. Redondo,e8wyyiyq7fpikh679ufiez47o,Inter Miami,61,0,80,80,1,35,29,14.662857142857144,0,1,0.829,0,1,0,0,49.122950819672134,43.69508196721311,Back,0.0,0.0
F. Redondo,edzhg7z0eusmz6th473w1f1g4,Inter Miami,53,2,68,66,1,39,36,14.556410256410258,0,0,0.923,0,0,0,2,44.181132075471695,38.75471698113208,Back,0.0,0.0
F. Redondo,el0tqopdgbrk2t0qrb9b8brx0,Inter Miami,78,4,72,68,1,47,34,15.938297872340426,0,2,0.723,0,0,0,5,48.35,39.69871794871795,Back,0.0,0.0
F. Redondo,eppstv8yepw0feyhm7d7sxvkk,Inter Miami,110,0,91,91,1,93,86,15.374193548387096,0,0,0.925,0,1,1,3,46.42818181818182,48.526363636363634,Back,0.0,1.0
F. Redondo,ete2n98x12os61ima2z2eb8k4,Inter Miami,35,66,95,29,1,28,26,16.285714285714285,0,1,0.929,0,1,0,2,44.56857142857143,50.994285714285716,Back,0.0,0.0
F. Redondo,f20c2s8dgvew3tjalw8rcohec,Inter Miami,96,6,95,89,1,60,55,16.41166666666667,0,0,0.917,0,0,0,5,38.87083333333333,38.38125,Back,0.0,0.0
F. Redondo,f3dhoiulp1kcatx9kog50j28k,Inter Miami,91,0,81,81,1,72,67,18.17638888888889,0,0,0.931,0,0,0,4,45.628571428571426,42.301098901098904,Back,0.0,0.0
I. Fray,2sxfrjdudoknsnmimee3zvo4,Inter Miami,82,1,99,98,1,46,37,17.967391304347824,0,1,0.804,0,0,0,4,32.40731707317073,23.43658536585366,Back,0.0,0.0
I. Fray,ddekboxnr2o38pdizzdu85kb8,Inter Miami,77,2,66,64,1,28,24,19.2,0,1,0.857,1,3,3,10,40.785714285714285,16.464935064935066,Back,0.333,1.0
I. Fray,dlgkjhvgnhkv4djzghrmg9hw,Inter Miami,8,89,93,4,1,4,4,15.825,0,0,1.0,0,0,0,0,42.075,15.0,Back,0.0,0.0
I. Fray,do4qxfxt0q5pw0jd01cnrpd78,Inter Miami,58,0,66,66,1,34,29,17.59705882352941,0,1,0.853,1,1,1,3,45.494827586206895,15.470689655172412,Back,1.0,1.0
I. Fray,dq4r9bl2r9hs0m18ya67hyq6s,Inter Miami,1,89,89,0,1,0,0,0.0,0,0,0.0,0,0,0,0,0.0,0.0,Unknown,0.0,0.0
I. Fray,duikvoxe3gtbkfy24xuiy6nf8,Inter Miami,16,78,92,14,1,10,9,21.58,0,1,0.9,0,0,0,1,43.69375,34.73125,Back,0.0,0.0
I. Fray,e4wnse667o2jzwpnq194v19n8,Inter Miami,65,1,96,95,1,33,30,16.706060606060603,0,0,0.909,0,1,1,4,46.4,12.49076923076923,Back,0.0,1.0
I. Fray,e8wyyiyq7fpikh679ufiez47o,Inter Miami,10,80,91,11,1,3,2,18.733333333333334,0,0,0.667,0,1,0,1,46.42,23.58,Back,0.0,0.0
I. Fray,edzhg7z0eusmz6th473w1f1g4,Inter Miami,40,45,92,47,1,20,17,19.54,0,0,0.85,0,0,0,5,30.347500000000004,25.2275,Back,0.0,0.0
I. Fray,el0tqopdgbrk2t0qrb9b8brx0,Inter Miami,61,0,96,96,1,39,30,22.57179487179487,0,0,0.769,0,0,0,4,38.68196721311475,16.037704918032787,Back,0.0,0.0
I. Fray,eppstv8yepw0feyhm7d7sxvkk,Inter Miami,3,91,92,1,1,2,2,15.3,0,0,1.0,0,0,0,0,21.03333333333333,16.066666666666666,Back,0.0,0.0
I. Fray,ete2n98x12os61ima2z2eb8k4,Inter Miami,90,0,96,96,1,59,48,18.879661016949154,0,0,0.814,0,0,0,9,31.92,34.21666666666667,Back,0.0,0.0
I. Fray,f20c2s8dgvew3tjalw8rcohec,Inter Miami,91,1,95,94,1,45,40,15.68,0,1,0.889,0,0,0,7,38.38021978021978,15.192307692307692,Back,0.0,0.0
I. Fray,f3dhoiulp1kcatx9kog50j28k,Inter Miami,6,92,99,7,1,4,4,19.525,0,0,1.0,0,0,0,0,28.400000000000002,18.283333333333335,Right,0.0,0.0
J. Gressel,9w8deaiy5uf0ih5oc7qhz3mc,Inter Miami,53,0,79,79,1,36,32,18.719444444444445,0,1,0.889,0,0,0,1,42.130188679245286,16.326415094339623,Back,0.0,0.0
J. Gressel,ay6myrdic7bsjp8ooflsqra50,Inter Miami,77,0,76,76,1,46,33,16.1,0,0,0.717,0,2,1,2,51.26883116883117,39.71688311688312,Back,0.0,0.5
J. Gressel,b46l3cvyvfs72fien9ikexel0,Inter Miami,83,0,83,83,1,66,56,17.418181818181818,0,0,0.848,0,0,0,4,49.01084337349398,30.67951807228916,Back,0.0,0.0
J. Gressel,b56dxdoyl4r6xmsx4d81rd7h0,Inter Miami,48,0,66,66,1,31,21,18.990322580645163,2,0,0.677,0,2,0,2,49.34375,33.93333333333333,Back,0.0,0.0
J. Gressel,bdfjn1p7xzvv8y1scnapo8u1g,Inter Miami,53,0,65,65,1,39,27,16.615384615384617,0,1,0.692,0,0,0,2,53.34339622641509,33.22075471698113,Center,0.0,0.0
J. Gressel,be59y7ozml1e9bp99gudz26tw,Inter Miami,36,1,75,74,1,25,16,24.671999999999997,0,2,0.64,0,2,1,1,64.3111111111111,30.202777777777776,Center,0.0,0.5
J. Gressel,bipgf5sgxyyiuukfq8aebsglw,Inter Miami,57,5,73,68,1,40,27,18.695,0,0,0.675,0,0,0,2,45.94736842105263,31.278947368421054,Back,0.0,0.0
J. Gressel,bo2j3mnedzz5ogqlyifb8a710,Inter Miami,71,1,76,75,1,41,29,17.360975609756096,1,2,0.707,0,0,0,5,62.988732394366195,17.453521126760563,Center,0.0,0.0
J. Gressel,bsfgyblk548coooab3nldi784,Inter Miami,52,1,55,54,1,37,31,16.764864864864865,0,2,0.838,0,3,2,0,59.42307692307692,36.51923076923077,Center,0.0,0.667
J. Gressel,byf955io6xgvf7su9y47ronx0,Inter Miami,71,0,66,66,1,46,33,14.708695652173914,0,0,0.717,0,0,0,3,50.874647887323945,27.03098591549296,Back,0.0,0.0
J. Gressel,c1tdm3jz5an27cuz78xy86vpw,Inter Miami,38,2,73,71,1,24,23,14.408333333333333,0,0,0.958,0,0,0,3,43.49473684210526,23.955263157894734,Back,0.0,0.0
J. Gressel,c6vrgv87dm72s2y40q3ttva50,Inter Miami,72,1,74,73,1,47,38,17.27446808510638,0,1,0.809,0,1,0,2,51.662499999999994,30.313888888888886,Back,0.0,0.0
J. Gressel,cb9006cs9kehwz8ap1ck5yuxg,Inter Miami,44,0,65,65,1,28,24,15.778571428571428,0,1,0.857,0,3,1,2,43.16818181818182,31.325,Back,0.0,0.333
J. Gressel,cfy4ashpksik9xzjedz5452xg,Inter Miami,55,1,78,77,1,36,30,16.827777777777776,0,0,0.833,0,1,1,2,52.53636363636364,38.60363636363636,Back,0.0,1.0
J. Gressel,ckmcmqo8boll33tc61hjgzfo4,Inter Miami,80,1,95,94,1,56,45,17.34107142857143,0,1,0.804,0,0,0,1,50.589999999999996,31.33625,Back,0.0,0.0
J. Gressel,coxsvcbbbjq4d8wd51q299rtg,Inter Miami,74,1,81,80,1,57,54,16.11052631578947,0,0,0.947,0,0,0,2,49.04189189189189,55.23243243243243,Back,0.0,0.0
J. Gressel,cwzw5swiesqr3ydy2yvam2xw4,Inter Miami,69,2,86,84,1,47,38,16.08936170212766,0,2,0.809,0,0,0,2,48.97971014492754,29.456521739130434,Back,0.0,0.0
J. Gressel,cxzecf9qypdtwu2zgjw90tuz8,Inter Miami,35,0,56,56,1,28,24,15.460714285714285,0,0,0.857,0,0,0,0,60.9,30.271428571428572,Center,0.0,0.0
J. Gressel,d2pikh7uihqma5tcma5kgqt5g,Inter Miami,37,68,94,26,1,31,27,19.538709677419355,1,3,0.871,0,0,0,0,54.33783783783784,67.14864864864865,Center,0.0,0.0
J. Gressel,da10g1075djkp576blwf02ot0,Inter Miami,66,0,87,87,1,43,30,15.627906976744185,0,3,0.698,1,3,2,1,59.5969696969697,24.437878787878788,Center,0.333,0.667
J. Gressel,ddekboxnr2o38pdizzdu85kb8,Inter Miami,60,1,92,91,1,39,32,16.105128205128207,1,4,0.821,0,0,0,2,52.958333333333336,33.218333333333334,Back,0.0,0.0
J. Gressel,dlgkjhvgnhkv4djzghrmg9hw,Inter Miami,55,0,56,56,1,35,31,19.35142857142857,0,3,0.886,0,2,2,3,65.80181818181818,23.10909090909091,Center,0.0,1.0
J. Gressel,do4qxfxt0q5pw0jd01cnrpd78,Inter Miami,55,0,97,97,1,40,32,18.0925,1,2,0.8,0,3,1,0,63.18545454545454,26.356363636363636,Center,0.0,0.333
J. Gressel,dq4r9bl2r9hs0m18ya67hyq6s,Inter Miami,64,0,89,89,1,39,31,14.679487179487179,1,0,0.795,0,1,1,2,58.3609375,25.16875,Center,0.0,1.0
J. Gressel,duikvoxe3gtbkfy24xuiy6nf8,Inter Miami,66,1,92,91,1,47,34,17.825531914893617,1,3,0.723,0,1,1,2,56.89545454545454,28.23181818181818,Center,0.0,1.0
J. Gressel,e4wnse667o2jzwpnq194v19n8,Inter Miami,42,1,79,78,1,28,19,19.639285714285712,1,0,0.679,0,0,0,0,58.09761904761905,24.464285714285715,Right,0.0,0.0
J. Gressel,e8wyyiyq7fpikh679ufiez47o,Inter Miami,45,0,69,69,1,26,18,20.78076923076923,0,1,0.692,0,2,1,0,64.58444444444444,29.822222222222223,Center,0.0,0.5
J. Gressel,el0tqopdgbrk2t0qrb9b8brx0,Inter Miami,39,1,72,71,1,23,19,14.256521739130434,0,1,0.826,0,2,2,2,56.65128205128205,20.243589743589745,Back,0.0,1.0
J. Gressel,eppstv8yepw0feyhm7d7sxvkk,Inter Miami,53,0,79,79,1,42,35,13.983333333333333,0,1,0.833,0,0,0,0,51.83396226415094,23.684905660377357,Back,0.0,0.0
J. Gressel,ete2n98x12os61ima2z2eb8k4,Inter Miami,39,0,60,60,1,26,17,20.457692307692305,0,0,0.654,0,1,1,1,59.34871794871795,17.68974358974359,Center,0.0,1.0
J. Gressel,f20c2s8dgvew3tjalw8rcohec,Inter Miami,51,3,80,77,1,26,21,14.365384615384615,0,1,0.808,0,0,0,3,52.47450980392156,19.337254901960787,Back,0.0,0.0
J. Gressel,f3dhoiulp1kcatx9kog50j28k,Inter Miami,26,8,59,51,1,22,18,16.563636363636366,0,0,0.818,0,0,0,0,51.91153846153846,22.661538461538463,Back,0.0,0.0
Jean Mota,ay6myrdic7bsjp8ooflsqra50,Inter Miami,7,76,93,17,1,5,5,14.459999999999999,0,0,1.0,0,0,0,0,34.128571428571426,53.199999999999996,Back,0.0,0.0
Jean Mota,b56dxdoyl4r6xmsx4d81rd7h0,Inter Miami,9,78,88,10,1,7,5,10.571428571428571,0,0,0.714,0,0,0,0,46.111111111111114,72.63333333333334,Back,0.0,0.0
Jordi Alba,2sxfrjdudoknsnmimee3zvo4,Inter Miami,77,1,97,96,1,61,47,17.840983606557376,1,0,0.77,0,0,0,4,54.55194805194805,86.25584415584416,Back,0.0,0.0
Jordi Alba,ay6myrdic7bsjp8ooflsqra50,Inter Miami,96,0,93,93,1,70,58,16.624285714285715,0,0,0.829,0,1,0,6,46.52708333333334,82.70416666666667,Back,0.0,0.0
Jordi Alba,b46l3cvyvfs72fien9ikexel0,Inter Miami,88,0,97,97,1,75,60,14.997333333333332,1,3,0.8,0,1,0,2,56.060227272727275,81.08522727272727,Center,0.0,0.0
Jordi Alba,b56dxdoyl4r6xmsx4d81rd7h0,Inter Miami,82,0,89,89,1,58,50,15.96896551724138,0,0,0.862,0,1,1,4,36.415853658536584,82.09268292682927,Back,0.0,1.0
Jordi Alba,bdfjn1p7xzvv8y1scnapo8u1g,Inter Miami,89,0,99,99,1,72,55,16.870833333333334,0,1,0.764,1,1,1,2,57.3876404494382,77.46292134831461,Center,1.0,1.0
Jordi Alba,be59y7ozml1e9bp99gudz26tw,Inter Miami,25,75,96,21,1,20,16,21.330000000000002,0,0,0.8,0,1,1,0,56.836000000000006,81.696,Center,0.0,1.0
Jordi Alba,bipgf5sgxyyiuukfq8aebsglw,Inter Miami,133,1,94,93,1,109,86,16.410091743119267,0,0,0.789,0,1,0,0,51.015037593984964,83.13609022556392,Back,0.0,0.0
Jordi Alba,bo2j3mnedzz5ogqlyifb8a710,Inter Miami,93,1,97,96,1,80,63,18.7925,0,1,0.788,0,0,0,2,50.13763440860215,80.05913978494624,Back,0.0,0.0
Jordi Alba,bsfgyblk548coooab3nldi784,Inter Miami,40,68,96,28,1,31,29,14.077419354838709,0,1,0.935,0,0,0,1,55.754999999999995,67.7675,Center,0.0,0.0
Jordi Alba,byf955io6xgvf7su9y47ronx0,Inter Miami,97,1,77,76,1,67,58,14.2044776119403,0,2,0.866,0,0,0,5,47.18865979381444,83.82886597938143,Back,0.0,0.0
Jordi Alba,ckmcmqo8boll33tc61hjgzfo4,Inter Miami,33,63,96,33,1,23,20,17.456521739130434,0,0,0.87,0,0,0,2,45.624242424242425,69.54545454545455,Back,0.0,0.0
Jordi Alba,coxsvcbbbjq4d8wd51q299rtg,Inter Miami,118,0,97,97,1,94,74,15.530851063829788,0,2,0.787,0,0,0,2,52.0406779661017,84.51016949152543,Back,0.0,0.0
Jordi Alba,cwzw5swiesqr3ydy2yvam2xw4,Inter Miami,100,0,98,98,1,76,63,17.227631578947367,1,0,0.829,0,1,1,3,40.353,84.12799999999999,Back,0.0,1.0
Jordi Alba,cxzecf9qypdtwu2zgjw90tuz8,Inter Miami,137,0,96,96,1,104,90,16.70576923076923,0,4,0.865,0,0,0,5,55.280291970802914,80.01021897810219,Center,0.0,0.0
Jordi Alba,d2pikh7uihqma5tcma5kgqt5g,Inter Miami,131,0,94,94,1,102,86,16.245098039215687,2,4,0.843,1,2,2,7,43.930534351145035,81.30610687022902,Back,0.5,1.0
Jordi Alba,da10g1075djkp576blwf02ot0,Inter Miami,106,0,98,98,1,83,71,16.928915662650603,0,0,0.855,0,0,0,3,44.4,86.22547169811321,Back,0.0,0.0
Jordi Alba,ddekboxnr2o38pdizzdu85kb8,Inter Miami,61,1,91,90,1,51,37,18.250980392156862,0,1,0.725,0,0,0,1,47.38688524590164,87.70327868852459,Back,0.0,0.0
Jordi Alba,dlgkjhvgnhkv4djzghrmg9hw,Inter Miami,118,0,93,93,1,90,67,19.23777777777778,2,2,0.744,0,1,1,1,60.23135593220339,83.85932203389831,Center,0.0,1.0
Jordi Alba,do4qxfxt0q5pw0jd01cnrpd78,Inter Miami,85,1,99,98,1,62,54,17.991935483870968,0,2,0.871,1,1,1,3,43.77294117647059,84.91529411764706,Back,1.0,1.0
Jordi Alba,dq4r9bl2r9hs0m18ya67hyq6s,Inter Miami,92,1,98,97,1,67,49,17.101492537313433,1,1,0.731,0,1,0,4,46.95108695652174,84.18152173913043,Back,0.0,0.0
Jordi Alba,e4wnse667o2jzwpnq194v19n8,Inter Miami,115,1,96,95,1,93,79,17.50537634408602,0,1,0.849,0,1,1,3,48.689565217391305,85.19478260869565,Back,0.0,1.0
Jordi Alba,e8wyyiyq7fpikh679ufiez47o,Inter Miami,91,0,95,95,1,58,45,16.070689655172416,0,1,0.776,1,2,1,3,48.350549450549444,80.64945054945055,Back,0.5,0.5
Jordi Alba,edzhg7z0eusmz6th473w1f1g4,Inter Miami,70,2,93,91,1,42,36,19.40952380952381,0,0,0.857,0,1,0,7,37.638571428571424,75.87857142857143,Back,0.0,0.0
Jordi Alba,el0tqopdgbrk2t0qrb9b8brx0,Inter Miami,84,3,98,95,1,60,45,19.583333333333332,1,0,0.75,0,1,0,4,44.272619047619045,83.14166666666667,Back,0.0,0.0
Jordi Alba,eppstv8yepw0feyhm7d7sxvkk,Inter Miami,117,0,98,98,1,97,82,16.52577319587629,1,1,0.845,0,0,0,3,50.5948717948718,79.8820512820513,Back,0.0,0.0
Jordi Alba,ete2n98x12os61ima2z2eb8k4,Inter Miami,49,66,95,29,1,35,29,13.217142857142857,0,0,0.829,0,1,1,2,54.15918367346939,73.7,Center,0.0,1.0
Jordi Alba,f20c2s8dgvew3tjalw8rcohec,Inter Miami,74,0,92,92,1,52,41,21.75769230769231,1,1,0.788,0,0,0,2,46.09594594594594,78.76081081081081,Back,0.0,0.0
Jordi Alba,f3dhoiulp1kcatx9kog50j28k,Inter Miami,111,0,101,101,1,92,73,17.829347826086956,0,5,0.793,0,0,0,1,64.01891891891893,80.24054054054055,Center,0.0,0.0
L. Campana,9w8deaiy5uf0ih5oc7qhz3mc,Inter Miami,56,3,95,92,1,31,26,12.587096774193547,0,0,0.839,1,2,2,2,60.292857142857144,54.38214285714286,Center,0.5,1.0
L. Campana,ay6myrdic7bsjp8ooflsqra50,Inter Miami,4,89,90,1,1,2,1,4.65,0,0,0.5,0,0,0,0,58.825,5.325,Right,0.0,0.0
L. Campana,b46l3cvyvfs72fien9ikexel0,Inter Miami,12,66,97,31,1,5,4,6.2,0,0,0.8,0,0,0,1,55.50833333333333,38.608333333333334,Center,0.0,0.0
L. Campana,b56dxdoyl4r6xmsx4d81rd7h0,Inter Miami,20,66,91,25,1,6,3,10.633333333333333,0,0,0.5,0,0,0,1,48.265,45.035,Center,0.0,0.0
L. Campana,bdfjn1p7xzvv8y1scnapo8u1g,Inter Miami,45,0,99,99,1,20,14,11.379999999999999,0,1,0.7,1,5,4,2,62.52444444444444,43.86222222222222,Center,0.2,0.8
L. Campana,be59y7ozml1e9bp99gudz26tw,Inter Miami,39,4,74,70,1,14,6,13.528571428571428,1,2,0.429,1,6,5,1,68.40769230769232,48.65128205128205,Center,0.167,0.833
L. Campana,bipgf5sgxyyiuukfq8aebsglw,Inter Miami,44,0,88,88,1,26,19,13.307692307692308,0,1,0.731,0,1,0,0,57.61136363636364,33.86590909090909,Back,0.0,0.0
L. Campana,bsfgyblk548coooab3nldi784,Inter Miami,14,1,41,40,1,8,7,17.3125,0,0,0.875,0,0,0,1,46.949999999999996,33.857142857142854,Back,0.0,0.0
L. Campana,c6vrgv87dm72s2y40q3ttva50,Inter Miami,45,0,63,63,1,19,12,14.61578947368421,0,0,0.632,0,1,0,1,69.25555555555556,54.49555555555556,Center,0.0,0.0
L. Campana,cb9006cs9kehwz8ap1ck5yuxg,Inter Miami,9,83,96,13,1,6,5,6.533333333333334,0,0,0.833,0,0,0,0,53.455555555555556,41.82222222222222,Center,0.0,0.0
L. Campana,cfy4ashpksik9xzjedz5452xg,Inter Miami,2,91,93,2,1,0,0,0.0,0,0,0.0,0,0,0,0,18.6,16.7,Back,0.0,0.0
L. Campana,ckmcmqo8boll33tc61hjgzfo4,Inter Miami,17,63,95,32,1,11,8,16.40909090909091,0,0,0.727,0,0,0,2,56.241176470588236,38.1764705882353,Center,0.0,0.0
L. Campana,coxsvcbbbjq4d8wd51q299rtg,Inter Miami,7,92,95,3,1,1,1,8.0,0,0,1.0,1,1,1,0,31.057142857142853,50.4,Back,1.0,1.0
L. Campana,cwzw5swiesqr3ydy2yvam2xw4,Inter Miami,60,0,95,95,1,24,18,12.575000000000001,0,0,0.75,1,3,3,2,54.98166666666667,50.63333333333333,Center,0.333,1.0
L. Campana,cxzecf9qypdtwu2zgjw90tuz8,Inter Miami,6,74,95,21,1,3,2,10.733333333333334,0,0,0.667,0,0,0,0,53.4,57.81666666666666,Center,0.0,0.0
L. Campana,d2pikh7uihqma5tcma5kgqt5g,Inter Miami,22,68,93,25,1,11,9,16.445454545454545,0,0,0.818,0,1,0,2,65.51818181818182,67.75909090909092,Center,0.0,0.0
L. Campana,da10g1075djkp576blwf02ot0,Inter Miami,73,0,90,90,1,35,26,13.868571428571428,0,0,0.743,0,2,1,3,59.26438356164384,44.634246575342466,Center,0.0,0.5
L. Campana,ddekboxnr2o38pdizzdu85kb8,Inter Miami,53,0,75,75,1,26,19,11.580769230769231,0,1,0.731,1,5,5,0,53.6188679245283,47.66792452830189,Back,0.2,1.0
L. Campana,dlgkjhvgnhkv4djzghrmg9hw,Inter Miami,7,86,93,7,1,3,3,17.366666666666667,0,0,1.0,0,0,0,0,52.7,53.92857142857143,Left,0.0,0.0
L. Campana,do4qxfxt0q5pw0jd01cnrpd78,Inter Miami,52,0,94,94,1,23,20,14.06086956521739,0,2,0.87,0,3,0,1,61.982692307692304,36.46153846153846,Center,0.0,0.0
L. Campana,dq4r9bl2r9hs0m18ya67hyq6s,Inter Miami,44,0,98,98,1,21,16,13.042857142857141,0,0,0.762,0,0,0,1,60.68863636363637,42.00454545454546,Back,0.0,0.0
L. Campana,duikvoxe3gtbkfy24xuiy6nf8,Inter Miami,53,0,92,92,1,29,25,14.327586206896552,0,0,0.862,0,1,0,1,65.08867924528302,51.009433962264154,Center,0.0,0.0
L. Campana,e4wnse667o2jzwpnq194v19n8,Inter Miami,20,2,60,58,1,8,6,9.6125,0,0,0.75,0,0,0,2,50.445,39.31,Center,0.0,0.0
L. Campana,edzhg7z0eusmz6th473w1f1g4,Inter Miami,7,85,93,8,1,2,1,23.0,0,0,0.5,0,0,0,0,46.75714285714285,47.92857142857143,Center,0.0,0.0
L. Campana,el0tqopdgbrk2t0qrb9b8brx0,Inter Miami,15,79,98,19,1,3,2,11.633333333333335,1,0,0.667,0,1,1,0,58.67333333333333,50.46666666666667,Center,0.0,1.0
L. Campana,ete2n98x12os61ima2z2eb8k4,Inter Miami,47,2,79,77,1,21,17,12.58095238095238,0,0,0.81,1,1,1,1,54.34893617021277,41.45531914893617,Back,1.0,1.0
L. Campana,f20c2s8dgvew3tjalw8rcohec,Inter Miami,23,71,94,23,1,10,9,14.13,0,0,0.9,1,1,1,1,49.160869565217396,71.73478260869565,Back,1.0,1.0
L. Campana,f3dhoiulp1kcatx9kog50j28k,Inter Miami,14,81,99,18,1,8,7,13.3,0,0,0.875,0,1,1,1,58.357142857142854,54.614285714285714,Center,0.0,1.0
L. Messi,2sxfrjdudoknsnmimee3zvo4,Inter Miami,83,2,99,97,1,50,40,14.412,0,1,0.8,2,3,3,1,65.60602409638554,37.026506024096385,Center,0.667,1.0
L. Messi,9w8deaiy5uf0ih5oc7qhz3mc,Inter Miami,23,60,90,30,1,15,13,12.306666666666667,0,0,0.867,0,1,1,0,53.86521739130435,35.2304347826087,Center,0.0,1.0
L. Messi,ay6myrdic7bsjp8ooflsqra50,Inter Miami,97,0,93,93,1,70,56,17.95,1,3,0.8,0,4,4,1,67.32783505154639,43.51237113402062,Center,0.0,1.0
L. Messi,b46l3cvyvfs72fien9ikexel0,Inter Miami,92,7,97,90,1,59,48,19.522033898305082,0,1,0.814,1,8,7,2,65.76521739130435,46.439130434782605,Center,0.125,0.875
L. Messi,b56dxdoyl4r6xmsx4d81rd7h0,Inter Miami,73,3,92,89,1,35,32,16.414285714285715,0,0,0.914,2,5,2,1,61.14383561643836,39.3054794520548,Center,0.4,0.4
L. Messi,bsfgyblk548coooab3nldi784,Inter Miami,60,45,90,45,1,43,35,14.683720930232557,0,2,0.814,1,5,2,1,64.43666666666667,44.705000000000005,Center,0.2,0.4
L. Messi,byf955io6xgvf7su9y47ronx0,Inter Miami,77,0,94,94,1,49,38,15.789795918367348,1,0,0.776,1,4,2,1,62.79220779220779,48.60909090909091,Center,0.25,0.5
L. Messi,c1tdm3jz5an27cuz78xy86vpw,Inter Miami,63,0,92,92,1,41,34,19.88048780487805,1,1,0.829,2,5,4,0,60.25714285714285,40.75396825396825,Center,0.4,0.8
L. Messi,c6vrgv87dm72s2y40q3ttva50,Inter Miami,84,3,93,90,1,50,42,15.225999999999999,1,1,0.84,2,5,5,3,61.57261904761905,42.154761904761905,Center,0.4,1.0
L. Messi,cb9006cs9kehwz8ap1ck5yuxg,Inter Miami,77,0,96,96,1,49,36,16.473469387755102,5,1,0.735,1,5,4,1,58.70909090909091,36.444155844155844,Center,0.2,0.8
L. Messi,cfy4ashpksik9xzjedz5452xg,Inter Miami,65,1,94,93,1,44,32,18.043181818181818,0,1,0.727,0,3,1,0,61.42769230769231,36.54923076923077,Center,0.0,0.333
L. Messi,coxsvcbbbjq4d8wd51q299rtg,Inter Miami,80,2,98,96,1,45,31,15.895555555555555,0,0,0.689,0,3,2,1,64.515,37.8,Center,0.0,0.667
L. Messi,cxzecf9qypdtwu2zgjw90tuz8,Inter Miami,97,0,95,95,1,71,56,16.49718309859155,0,1,0.789,1,4,3,1,68.3061855670103,43.25670103092783,Center,0.25,0.75
L. Messi,d2pikh7uihqma5tcma5kgqt5g,Inter Miami,100,2,94,92,1,55,40,18.60909090909091,0,3,0.727,1,7,6,2,65.199,41.136,Center,0.143,0.857
L. Messi,dlgkjhvgnhkv4djzghrmg9hw,Inter Miami,27,56,92,36,1,15,13,15.813333333333333,0,0,0.867,3,5,4,0,70.95555555555555,50.8,Center,0.6,0.8
L. Messi,eppstv8yepw0feyhm7d7sxvkk,Inter Miami,86,4,97,93,1,61,49,15.936065573770492,1,2,0.803,2,4,4,0,62.28720930232558,39.20348837209303,Center,0.5,1.0
L. Messi,ete2n98x12os61ima2z2eb8k4,Inter Miami,30,60,95,35,1,20,18,15.4,0,1,0.9,0,2,2,0,70.93666666666667,54.56666666666667,Center,0.0,1.0
L. Messi,f20c2s8dgvew3tjalw8rcohec,Inter Miami,57,0,92,92,1,33,25,17.53939393939394,0,0,0.758,0,1,0,0,62.57368421052631,36.09122807017543,Center,0.0,0.0
L. Messi,f3dhoiulp1kcatx9kog50j28k,Inter Miami,94,4,102,98,1,53,36,16.169811320754718,0,2,0.679,1,10,9,2,72.1308510638298,48.22659574468085,Center,0.1,0.9
L. Sunderland,ay6myrdic7bsjp8ooflsqra50,Inter Miami,17,83,93,10,1,10,9,11.540000000000001,0,1,0.9,0,0,0,1,43.09411764705882,22.78235294117647,Back,0.0,0.0
L. Sunderland,b46l3cvyvfs72fien9ikexel0,Inter Miami,12,83,96,13,1,9,9,13.366666666666667,0,0,1.0,0,0,0,0,47.55833333333334,25.641666666666666,Back,0.0,0.0
L. Sunderland,bdfjn1p7xzvv8y1scnapo8u1g,Inter Miami,65,0,75,75,1,47,42,13.270212765957448,1,1,0.894,0,1,0,3,56.221538461538465,64.64,Back,0.0,0.0
L. Sunderland,bipgf5sgxyyiuukfq8aebsglw,Inter Miami,48,4,58,54,1,26,21,14.180769230769231,0,1,0.808,0,0,0,2,51.96875,61.75625,Back,0.0,0.0
L. Sunderland,bsfgyblk548coooab3nldi784,Inter Miami,34,1,45,44,1,21,18,13.933333333333334,0,0,0.857,0,0,0,2,42.92941176470588,63.6235294117647,Back,0.0,0.0
L. Suárez,2sxfrjdudoknsnmimee3zvo4,Inter Miami,58,0,97,97,1,41,33,13.807317073170733,0,0,0.805,1,2,2,0,62.73793103448276,54.36724137931035,Center,0.5,1.0
L. Suárez,9w8deaiy5uf0ih5oc7qhz3mc,Inter Miami,19,70,92,22,1,12,7,14.116666666666667,1,0,0.583,0,0,0,0,51.32105263157895,63.99473684210527,Center,0.0,0.0
L. Suárez,ay6myrdic7bsjp8ooflsqra50,Inter Miami,45,0,89,89,1,31,22,13.425806451612903,1,1,0.71,0,2,2,0,65.74888888888889,58.23777777777777,Center,0.0,1.0
L. Suárez,b46l3cvyvfs72fien9ikexel0,Inter Miami,29,0,66,66,1,20,15,14.594999999999999,0,0,0.75,0,0,0,0,69.21379310344828,57.91379310344828,Center,0.0,0.0
L. Suárez,b56dxdoyl4r6xmsx4d81rd7h0,Inter Miami,37,0,66,66,1,20,14,12.03,2,2,0.7,2,2,2,1,52.95675675675676,50.4081081081081,Back,1.0,1.0
L. Suárez,bdfjn1p7xzvv8y1scnapo8u1g,Inter Miami,7,75,90,15,1,4,2,9.0,0,0,0.5,0,0,0,0,59.17142857142857,55.885714285714286,Center,0.0,0.0
L. Suárez,be59y7ozml1e9bp99gudz26tw,Inter Miami,13,61,92,31,1,7,7,13.528571428571428,0,0,1.0,2,2,2,0,73.44615384615385,50.11538461538461,Center,1.0,1.0
L. Suárez,bipgf5sgxyyiuukfq8aebsglw,Inter Miami,47,0,92,92,1,23,13,14.713043478260872,0,2,0.565,0,4,2,0,64.2,59.98510638297873,Center,0.0,0.5
L. Suárez,bo2j3mnedzz5ogqlyifb8a710,Inter Miami,61,1,95,94,1,30,25,11.746666666666666,0,1,0.833,1,8,5,0,73.94262295081967,43.71147540983607,Center,0.125,0.625
L. Suárez,byf955io6xgvf7su9y47ronx0,Inter Miami,45,0,94,94,1,33,23,13.124242424242425,0,0,0.697,1,2,2,2,65.38,58.2,Center,0.5,1.0
L. Suárez,c1tdm3jz5an27cuz78xy86vpw,Inter Miami,47,0,87,87,1,21,16,12.928571428571429,0,2,0.762,0,3,3,3,57.98297872340425,50.34893617021277,Center,0.0,1.0
L. Suárez,c6vrgv87dm72s2y40q3ttva50,Inter Miami,22,63,94,31,1,14,10,13.292857142857143,0,0,0.714,1,1,1,0,53.71818181818182,44.21818181818182,Center,1.0,1.0
L. Suárez,cb9006cs9kehwz8ap1ck5yuxg,Inter Miami,57,0,83,83,1,30,22,13.246666666666666,1,2,0.733,3,3,3,1,59.96666666666667,43.68070175438597,Center,1.0,1.0
L. Suárez,cfy4ashpksik9xzjedz5452xg,Inter Miami,52,0,91,91,1,35,27,17.37142857142857,0,0,0.771,1,1,1,2,60.49807692307692,53.16153846153846,Center,1.0,1.0
L. Suárez,ckmcmqo8boll33tc61hjgzfo4,Inter Miami,39,1,63,62,1,22,17,13.35,0,0,0.773,0,3,3,0,68.37179487179488,54.48717948717949,Center,0.0,1.0
L. Suárez,coxsvcbbbjq4d8wd51q299rtg,Inter Miami,43,0,98,98,1,33,26,12.451515151515151,0,1,0.788,0,0,0,1,62.37441860465116,53.032558139534885,Center,0.0,0.0
L. Suárez,cxzecf9qypdtwu2zgjw90tuz8,Inter Miami,59,0,97,97,1,39,32,12.002564102564103,0,2,0.821,0,3,3,0,67.68135593220339,54.835593220338986,Center,0.0,1.0
L. Suárez,d2pikh7uihqma5tcma5kgqt5g,Inter Miami,57,2,95,93,1,29,21,11.775862068965518,0,2,0.724,2,3,3,2,57.1280701754386,52.90877192982457,Back,0.667,1.0
L. Suárez,dlgkjhvgnhkv4djzghrmg9hw,Inter Miami,73,0,92,92,1,34,24,14.308823529411764,2,2,0.706,2,11,5,1,77.4917808219178,58.50547945205479,Center,0.182,0.455
L. Suárez,e4wnse667o2jzwpnq194v19n8,Inter Miami,22,60,97,37,1,17,13,17.758823529411764,0,1,0.765,0,1,0,1,62.472727272727276,45.93636363636364,Center,0.0,0.0
L. Suárez,e8wyyiyq7fpikh679ufiez47o,Inter Miami,65,1,95,94,1,42,29,13.966666666666667,0,3,0.69,0,3,3,1,64.96307692307693,50.54615384615385,Center,0.0,1.0
L. Suárez,edzhg7z0eusmz6th473w1f1g4,Inter Miami,58,0,85,85,1,30,21,13.08,0,1,0.7,2,3,3,1,51.182758620689654,58.11034482758621,Back,0.667,1.0
L. Suárez,el0tqopdgbrk2t0qrb9b8brx0,Inter Miami,57,2,79,77,1,27,22,12.848148148148148,0,0,0.815,2,9,6,1,60.69649122807017,51.19824561403509,Center,0.222,0.667
L. Suárez,eppstv8yepw0feyhm7d7sxvkk,Inter Miami,52,0,97,97,1,29,21,11.413793103448276,1,0,0.724,1,2,2,0,59.87692307692308,53.87884615384615,Center,0.5,1.0
L. Suárez,ete2n98x12os61ima2z2eb8k4,Inter Miami,14,79,95,16,1,7,6,17.17142857142857,0,0,0.857,0,1,1,0,61.57142857142857,49.449999999999996,Center,0.0,1.0
L. Suárez,f20c2s8dgvew3tjalw8rcohec,Inter Miami,49,0,95,95,1,24,16,15.554166666666667,0,0,0.667,0,2,2,1,62.648979591836735,62.32448979591837,Center,0.0,1.0
L. Suárez,f3dhoiulp1kcatx9kog50j28k,Inter Miami,53,0,101,101,1,37,31,17.36216216216216,0,3,0.838,0,4,3,0,75.2622641509434,57.06792452830189,Center,0.0,0.75
Leo Afonso,bipgf5sgxyyiuukfq8aebsglw,Inter Miami,33,58,94,36,1,15,11,12.006666666666666,0,0,0.733,0,1,0,1,65.60909090909091,78.96363636363637,Left,0.0,0.0
Leo Afonso,bo2j3mnedzz5ogqlyifb8a710,Inter Miami,19,76,96,20,1,11,6,11.381818181818183,0,0,0.545,0,0,0,1,59.473684210526315,79.72105263157896,Left,0.0,0.0
Leo Afonso,bsfgyblk548coooab3nldi784,Inter Miami,63,3,68,65,1,27,17,11.803703703703704,0,3,0.63,1,2,2,4,57.12222222222222,79.73968253968255,Back,0.5,1.0
Leo Afonso,c1tdm3jz5an27cuz78xy86vpw,Inter Miami,37,40,93,53,1,14,6,19.607142857142858,0,0,0.429,0,1,1,5,50.51891891891892,71.14594594594595,Back,0.0,1.0
Leo Afonso,ckmcmqo8boll33tc61hjgzfo4,Inter Miami,10,79,91,12,1,6,5,7.333333333333333,0,0,0.833,0,0,0,0,53.410000000000004,61.27,Back,0.0,0.0
Leo Afonso,cwzw5swiesqr3ydy2yvam2xw4,Inter Miami,12,86,98,12,1,1,0,19.7,0,0,0.0,0,0,0,3,36.94166666666667,74.66666666666667,Back,0.0,0.0
Leo Afonso,da10g1075djkp576blwf02ot0,Inter Miami,5,90,93,3,1,2,1,16.799999999999997,0,1,0.5,1,1,1,0,61.0,58.160000000000004,Center,1.0,1.0
Leo Afonso,ddekboxnr2o38pdizzdu85kb8,Inter Miami,12,75,85,10,1,3,3,8.266666666666667,0,0,1.0,0,0,0,0,53.925000000000004,69.65833333333333,Left,0.0,0.0
Leo Afonso,dq4r9bl2r9hs0m18ya67hyq6s,Inter Miami,13,70,98,28,1,6,5,13.4,0,0,0.833,0,0,0,1,58.88461538461539,69.04615384615384,Center,0.0,0.0
Leo Afonso,e4wnse667o2jzwpnq194v19n8,Inter Miami,12,79,94,15,1,6,5,17.316666666666666,0,0,0.833,0,0,0,0,56.550000000000004,34.30833333333333,Center,0.0,0.0
Leo Afonso,e8wyyiyq7fpikh679ufiez47o,Inter Miami,13,69,95,26,1,5,4,11.98,0,1,0.8,0,0,0,1,49.24615384615385,61.646153846153844,Back,0.0,0.0
M. Rojas,2sxfrjdudoknsnmimee3zvo4,Inter Miami,7,86,97,11,1,5,4,15.959999999999999,0,0,0.8,0,0,0,0,45.128571428571426,34.957142857142856,Center,0.0,0.0
M. Rojas,9w8deaiy5uf0ih5oc7qhz3mc,Inter Miami,46,0,70,70,1,29,21,15.73103448275862,0,1,0.724,0,1,0,1,49.21521739130435,27.900000000000002,Back,0.0,0.0
M. Rojas,c6vrgv87dm72s2y40q3ttva50,Inter Miami,20,74,94,20,1,12,8,12.416666666666666,0,1,0.667,0,0,0,2,59.265,73.465,Center,0.0,0.0
M. Rojas,cb9006cs9kehwz8ap1ck5yuxg,Inter Miami,45,45,93,48,1,29,23,16.617241379310343,0,0,0.793,2,2,2,3,43.92,69.60222222222222,Back,1.0,1.0
M. Rojas,cfy4ashpksik9xzjedz5452xg,Inter Miami,54,1,70,69,1,33,25,16.1030303030303,1,0,0.758,1,1,1,4,47.68888888888888,67.67037037037036,Back,1.0,1.0
M. Rojas,ckmcmqo8boll33tc61hjgzfo4,Inter Miami,78,1,94,93,1,61,51,18.39016393442623,0,1,0.836,0,1,1,0,57.166666666666664,31.887179487179484,Center,0.0,1.0
M. Rojas,coxsvcbbbjq4d8wd51q299rtg,Inter Miami,64,0,92,92,1,43,37,14.046511627906977,0,0,0.86,0,1,0,1,56.7328125,57.915625,Center,0.0,0.0
M. Rojas,cwzw5swiesqr3ydy2yvam2xw4,Inter Miami,42,0,81,81,1,30,24,14.783333333333333,0,0,0.8,0,1,1,2,53.49285714285714,25.988095238095237,Right,0.0,1.0
M. Rojas,cxzecf9qypdtwu2zgjw90tuz8,Inter Miami,35,56,96,40,1,21,15,18.84285714285714,0,0,0.714,0,3,3,1,63.237142857142864,40.26571428571428,Center,0.0,1.0
M. Rojas,d2pikh7uihqma5tcma5kgqt5g,Inter Miami,51,1,68,67,1,35,29,15.497142857142856,0,0,0.829,0,2,1,1,47.35098039215686,65.64117647058823,Back,0.0,0.5
M. Rojas,e4wnse667o2jzwpnq194v19n8,Inter Miami,48,4,79,75,1,31,23,13.574193548387097,0,0,0.742,0,0,0,2,44.84166666666667,69.26875,Back,0.0,0.0
M. Rojas,e8wyyiyq7fpikh679ufiez47o,Inter Miami,61,0,80,80,1,38,30,14.107894736842105,0,2,0.789,1,4,3,3,59.114754098360656,55.58196721311475,Center,0.25,0.75
M. Rojas,edzhg7z0eusmz6th473w1f1g4,Inter Miami,38,2,52,50,1,16,11,20.993750000000002,1,0,0.688,0,0,0,2,52.9,30.402631578947368,Center,0.0,0.0
M. Rojas,f3dhoiulp1kcatx9kog50j28k,Inter Miami,34,59,100,41,1,26,24,23.51153846153846,0,1,0.923,0,2,0,1,62.502941176470586,47.65294117647059,Center,0.0,0.0
M. Weigandt,2sxfrjdudoknsnmimee3zvo4,Inter Miami,52,1,75,74,1,31,29,11.780645161290321,0,0,0.935,0,0,0,2,47.849999999999994,13.961538461538462,Back,0.0,0.0
M. Weigandt,bo2j3mnedzz5ogqlyifb8a710,Inter Miami,100,1,97,96,1,59,49,12.616949152542373,0,2,0.831,0,2,0,6,54.026,14.372,Back,0.0,0.0
M. Weigandt,bsfgyblk548coooab3nldi784,Inter Miami,26,55,95,40,1,17,14,14.735294117647058,0,0,0.824,0,1,1,2,47.79615384615385,12.153846153846153,Back,0.0,1.0
M. Weigandt,byf955io6xgvf7su9y47ronx0,Inter Miami,86,0,99,99,1,60,49,15.771666666666667,0,0,0.817,0,0,0,8,41.77558139534884,16.54186046511628,Back,0.0,0.0
M. Weigandt,c1tdm3jz5an27cuz78xy86vpw,Inter Miami,87,0,90,90,1,44,34,14.881818181818181,0,0,0.773,0,0,0,7,27.84022988505747,19.250574712643676,Back,0.0,0.0
M. Weigandt,c6vrgv87dm72s2y40q3ttva50,Inter Miami,73,1,93,92,1,47,38,16.706382978723404,0,1,0.809,0,0,0,10,42.30821917808219,17.336986301369862,Back,0.0,0.0
M. Weigandt,cb9006cs9kehwz8ap1ck5yuxg,Inter Miami,93,0,94,94,1,40,33,12.84,0,0,0.825,0,1,0,9,35.546236559139786,15.326881720430109,Back,0.0,0.0
M. Weigandt,cfy4ashpksik9xzjedz5452xg,Inter Miami,103,0,92,92,1,71,65,15.233802816901408,0,1,0.915,0,0,0,12,35.907766990291265,16.985436893203882,Back,0.0,0.0
M. Weigandt,ckmcmqo8boll33tc61hjgzfo4,Inter Miami,51,0,95,95,1,34,31,11.549999999999999,0,0,0.912,0,1,0,3,51.166666666666664,21.741176470588233,Back,0.0,0.0
M. Weigandt,coxsvcbbbjq4d8wd51q299rtg,Inter Miami,91,1,98,97,1,57,48,14.456140350877194,0,0,0.842,0,1,0,4,45.58681318681318,18.24175824175824,Back,0.0,0.0
M. Weigandt,cwzw5swiesqr3ydy2yvam2xw4,Inter Miami,83,0,93,93,1,47,42,16.048936170212766,0,1,0.894,0,0,0,6,33.149397590361446,23.13855421686747,Back,0.0,0.0
M. Weigandt,cxzecf9qypdtwu2zgjw90tuz8,Inter Miami,77,0,95,95,1,53,44,16.316981132075473,0,1,0.83,0,0,0,3,51.518181818181816,17.977922077922077,Back,0.0,0.0
M. Weigandt,d2pikh7uihqma5tcma5kgqt5g,Inter Miami,94,0,95,95,1,54,40,13.492592592592594,0,1,0.741,0,2,1,3,45.85212765957447,19.754255319148935,Back,0.0,0.5
M. Weigandt,da10g1075djkp576blwf02ot0,Inter Miami,103,0,98,98,1,70,61,15.688571428571429,0,1,0.871,0,1,1,5,47.51650485436893,17.32233009708738,Back,0.0,1.0
M. Weigandt,dlgkjhvgnhkv4djzghrmg9hw,Inter Miami,86,0,89,89,1,58,49,16.955172413793104,0,0,0.845,0,1,0,3,57.93255813953488,21.488372093023255,Back,0.0,0.0
M. Weigandt,dq4r9bl2r9hs0m18ya67hyq6s,Inter Miami,71,0,90,90,1,40,31,17.6275,0,1,0.775,0,0,0,9,37.91549295774648,19.18450704225352,Back,0.0,0.0
M. Weigandt,duikvoxe3gtbkfy24xuiy6nf8,Inter Miami,77,0,92,92,1,51,45,14.93921568627451,0,0,0.882,0,1,0,3,41.95974025974026,16.31688311688312,Back,0.0,0.0
M. Weigandt,e8wyyiyq7fpikh679ufiez47o,Inter Miami,69,0,91,91,1,35,31,16.525714285714287,0,0,0.886,0,2,1,8,45.75217391304348,16.076811594202898,Back,0.0,0.5
M. Weigandt,edzhg7z0eusmz6th473w1f1g4,Inter Miami,53,0,90,90,1,26,21,15.476923076923075,1,1,0.808,0,0,0,4,41.741509433962264,19.184905660377357,Back,0.0,0.0
M. Weigandt,el0tqopdgbrk2t0qrb9b8brx0,Inter Miami,68,1,96,95,1,38,32,15.015789473684212,0,3,0.842,0,1,1,7,48.127941176470586,13.626470588235295,Back,0.0,1.0
M. Weigandt,eppstv8yepw0feyhm7d7sxvkk,Inter Miami,94,0,94,94,1,66,58,13.881818181818183,0,0,0.879,0,1,1,2,43.89148936170213,21.33404255319149,Back,0.0,1.0
M. Weigandt,ete2n98x12os61ima2z2eb8k4,Inter Miami,94,1,94,93,1,55,45,14.372727272727273,0,1,0.818,0,1,0,10,37.38085106382979,14.770212765957448,Back,0.0,0.0
M. Weigandt,f3dhoiulp1kcatx9kog50j28k,Inter Miami,80,0,100,100,1,55,50,13.912727272727274,1,1,0.909,0,1,1,4,51.5775,17.576249999999998,Back,0.0,1.0
N. Allen,2sxfrjdudoknsnmimee3zvo4,Inter Miami,70,1,92,91,1,53,46,14.101886792452829,0,0,0.868,0,0,0,7,36.72428571428571,74.1842857142857,Back,0.0,0.0
N. Allen,9w8deaiy5uf0ih5oc7qhz3mc,Inter Miami,146,0,95,95,1,93,84,17.58279569892473,0,0,0.903,0,0,0,9,32.92191780821918,75.59794520547945,Back,0.0,0.0
N. Allen,ay6myrdic7bsjp8ooflsqra50,Inter Miami,7,76,93,17,1,5,3,19.66,0,0,0.6,0,0,0,1,22.771428571428572,63.17142857142857,Back,0.0,0.0
N. Allen,b56dxdoyl4r6xmsx4d81rd7h0,Inter Miami,13,78,89,11,1,6,5,24.616666666666664,0,0,0.833,0,0,0,0,27.415384615384614,52.55384615384616,Back,0.0,0.0
N. Allen,bdfjn1p7xzvv8y1scnapo8u1g,Inter Miami,105,0,99,99,1,74,72,16.543243243243243,0,2,0.973,0,1,1,5,41.65809523809524,78.30380952380952,Back,0.0,1.0
N. Allen,be59y7ozml1e9bp99gudz26tw,Inter Miami,89,0,96,96,1,56,43,16.5125,0,0,0.768,0,0,0,5,35.32696629213483,87.82921348314606,Back,0.0,0.0
N. Allen,bipgf5sgxyyiuukfq8aebsglw,Inter Miami,133,1,94,93,1,103,91,19.11844660194175,0,0,0.883,0,0,0,4,33.589473684210525,78.27368421052631,Back,0.0,0.0
N. Allen,bsfgyblk548coooab3nldi784,Inter Miami,110,2,95,93,1,72,58,23.481944444444444,0,0,0.806,0,0,0,9,35.625454545454545,72.83272727272728,Back,0.0,0.0
N. Allen,cb9006cs9kehwz8ap1ck5yuxg,Inter Miami,14,83,93,10,1,11,8,11.027272727272727,0,0,0.727,0,0,0,0,38.721428571428575,74.96428571428571,Back,0.0,0.0
N. Allen,cwzw5swiesqr3ydy2yvam2xw4,Inter Miami,1,86,86,0,1,0,0,0.0,0,0,0.0,0,0,0,0,0.0,0.0,Unknown,0.0,0.0
N. Allen,da10g1075djkp576blwf02ot0,Inter Miami,2,90,100,10,1,0,0,0.0,0,0,0.0,0,0,0,1,7.3,29.05,Back,0.0,0.0
N. Allen,ddekboxnr2o38pdizzdu85kb8,Inter Miami,49,0,85,85,1,33,27,17.527272727272727,0,0,0.818,0,0,0,3,35.381632653061224,73.46122448979591,Back,0.0,0.0
N. Allen,dlgkjhvgnhkv4djzghrmg9hw,Inter Miami,10,86,93,7,1,8,8,13.3625,0,0,1.0,0,0,0,1,35.65,66.37,Back,0.0,0.0
N. Allen,duikvoxe3gtbkfy24xuiy6nf8,Inter Miami,22,65,91,26,1,15,14,14.213333333333333,0,1,0.933,0,0,0,0,35.5,71.02727272727272,Back,0.0,0.0
N. Allen,e4wnse667o2jzwpnq194v19n8,Inter Miami,68,35,95,60,1,59,55,17.996610169491525,0,1,0.932,0,0,0,3,30.579411764705885,68.47058823529412,Back,0.0,0.0
N. Allen,e8wyyiyq7fpikh679ufiez47o,Inter Miami,13,80,93,13,1,3,3,15.200000000000001,0,0,1.0,0,0,0,1,18.83076923076923,60.07692307692308,Back,0.0,0.0
N. Allen,eppstv8yepw0feyhm7d7sxvkk,Inter Miami,64,14,91,77,1,32,32,13.4375,0,0,1.0,0,0,0,9,24.66875,64.14375,Back,0.0,0.0
N. Allen,f20c2s8dgvew3tjalw8rcohec,Inter Miami,108,0,93,93,1,65,51,21.827692307692306,0,0,0.785,0,0,0,9,27.212962962962962,70.22685185185185,Back,0.0,0.0
N. Freire,b56dxdoyl4r6xmsx4d81rd7h0,Inter Miami,65,0,78,78,1,41,37,16.553658536585367,0,0,0.902,0,0,0,7,26.946153846153845,62.66307692307692,Back,0.0,0.0
N. Freire,bdfjn1p7xzvv8y1scnapo8u1g,Inter Miami,35,65,99,34,1,21,18,23.614285714285714,0,0,0.857,0,0,0,2,36.15714285714286,52.73428571428572,Back,0.0,0.0
N. Freire,be59y7ozml1e9bp99gudz26tw,Inter Miami,22,0,30,30,1,14,10,21.085714285714285,0,0,0.714,0,0,0,3,21.727272727272727,67.8,Back,0.0,0.0
N. Freire,byf955io6xgvf7su9y47ronx0,Inter Miami,146,0,99,99,1,112,98,19.053571428571427,0,0,0.875,0,0,0,9,32.95753424657534,66.97191780821917,Back,0.0,0.0
N. Freire,c1tdm3jz5an27cuz78xy86vpw,Inter Miami,85,0,94,94,1,64,54,20.3171875,0,0,0.844,0,0,0,2,29.28235294117647,68.81529411764706,Back,0.0,0.0
N. Freire,c6vrgv87dm72s2y40q3ttva50,Inter Miami,138,0,94,94,1,112,101,17.479464285714286,0,0,0.902,0,1,0,7,37.618115942028986,62.49710144927536,Back,0.0,0.0
N. Freire,cb9006cs9kehwz8ap1ck5yuxg,Inter Miami,128,0,93,93,1,105,102,16.926666666666666,0,0,0.971,0,0,0,7,27.86328125,65.70390625,Back,0.0,0.0
N. Freire,cfy4ashpksik9xzjedz5452xg,Inter Miami,95,0,95,95,1,69,63,20.53333333333333,0,0,0.913,0,0,0,12,30.39578947368421,67.55157894736841,Back,0.0,0.0
N. Freire,ckmcmqo8boll33tc61hjgzfo4,Inter Miami,110,3,94,91,1,84,81,16.479761904761904,0,0,0.964,0,0,0,5,35.279090909090904,64.02454545454545,Back,0.0,0.0
N. Freire,coxsvcbbbjq4d8wd51q299rtg,Inter Miami,103,0,65,65,1,74,68,18.405405405405407,0,0,0.919,0,0,0,9,36.01359223300971,64.65145631067962,Back,0.0,0.0
Pep Casas,bipgf5sgxyyiuukfq8aebsglw,Inter Miami,26,73,94,21,1,17,14,14.9,0,0,0.824,0,0,0,1,54.82692307692308,37.73461538461539,Center,0.0,0.0
Pep Casas,bo2j3mnedzz5ogqlyifb8a710,Inter Miami,20,76,96,20,1,13,9,13.3,0,0,0.692,0,0,0,1,51.114999999999995,37.81,Center,0.0,0.0
R. Sailor,bipgf5sgxyyiuukfq8aebsglw,Inter Miami,20,73,94,21,1,16,12,20.7375,0,0,0.75,0,0,0,0,42.230000000000004,17.065,Back,0.0,0.0
R. Sailor,bo2j3mnedzz5ogqlyifb8a710,Inter Miami,76,0,97,97,1,62,55,19.301612903225806,0,0,0.887,0,0,0,2,39.30394736842105,43.83684210526316,Back,0.0,0.0
R. Sailor,bsfgyblk548coooab3nldi784,Inter Miami,83,0,95,95,1,60,52,19.788333333333334,0,0,0.867,0,1,0,8,34.6710843373494,29.93012048192771,Back,0.0,0.0
R. Sailor,cfy4ashpksik9xzjedz5452xg,Inter Miami,18,78,95,17,1,13,12,21.323076923076922,0,0,0.923,0,0,0,2,22.711111111111112,27.227777777777778,Back,0.0,0.0
R. Sailor,d2pikh7uihqma5tcma5kgqt5g,Inter Miami,43,45,94,49,1,22,18,20.336363636363636,0,0,0.818,0,1,1,3,30.73953488372093,59.77441860465117,Back,0.0,1.0
R. Sailor,da10g1075djkp576blwf02ot0,Inter Miami,1,87,87,0,1,0,0,0.0,0,0,0.0,0,0,0,0,0.0,0.0,Unknown,0.0,0.0
R. Sailor,ddekboxnr2o38pdizzdu85kb8,Inter Miami,16,66,92,26,1,6,5,18.083333333333332,0,0,0.833,0,0,0,4,16.81875,18.556250000000002,Back,0.0,0.0
R. Sailor,do4qxfxt0q5pw0jd01cnrpd78,Inter Miami,22,66,99,33,1,13,11,21.53076923076923,0,0,0.846,0,0,0,4,22.61818181818182,19.095454545454547,Back,0.0,0.0
R. Sailor,ete2n98x12os61ima2z2eb8k4,Inter Miami,12,79,91,12,1,5,5,16.22,0,0,1.0,0,0,0,1,18.683333333333334,33.875,Back,0.0,0.0
R. Taylor,9w8deaiy5uf0ih5oc7qhz3mc,Inter Miami,32,1,60,59,1,21,17,12.657142857142858,0,0,0.81,0,0,0,0,54.9125,82.546875,Back,0.0,0.0
R. Taylor,ay6myrdic7bsjp8ooflsqra50,Inter Miami,44,0,75,75,1,26,20,15.811538461538463,0,2,0.769,1,2,1,2,56.0,72.875,Center,0.5,0.5
R. Taylor,b46l3cvyvfs72fien9ikexel0,Inter Miami,31,1,66,65,1,17,11,11.382352941176471,0,0,0.647,0,0,0,2,55.88709677419355,79.28387096774195,Back,0.0,0.0
R. Taylor,b56dxdoyl4r6xmsx4d81rd7h0,Inter Miami,55,1,88,87,1,35,29,12.325714285714286,0,0,0.829,1,1,1,1,53.981818181818184,81.80909090909091,Back,1.0,1.0
R. Taylor,bdfjn1p7xzvv8y1scnapo8u1g,Inter Miami,44,0,82,82,1,24,21,13.637500000000001,0,1,0.875,0,2,1,4,71.47954545454546,47.41818181818182,Center,0.0,0.5
R. Taylor,be59y7ozml1e9bp99gudz26tw,Inter Miami,29,0,61,61,1,17,14,21.03529411764706,0,1,0.824,0,2,1,0,63.40344827586207,68.94137931034483,Center,0.0,0.5
R. Taylor,bipgf5sgxyyiuukfq8aebsglw,Inter Miami,56,0,58,58,1,34,25,16.555882352941175,0,0,0.735,0,0,0,1,45.2875,9.669642857142858,Back,0.0,0.0
R. Taylor,bo2j3mnedzz5ogqlyifb8a710,Inter Miami,60,0,76,76,1,32,24,18.778125,0,2,0.75,0,1,1,3,60.29,73.44333333333334,Center,0.0,1.0
R. Taylor,c6vrgv87dm72s2y40q3ttva50,Inter Miami,59,2,74,72,1,46,40,14.921739130434782,1,1,0.87,0,1,0,0,64.02881355932203,73.98305084745763,Center,0.0,0.0
R. Taylor,cb9006cs9kehwz8ap1ck5yuxg,Inter Miami,41,1,65,64,1,23,19,11.404347826086957,0,2,0.826,0,0,0,2,49.89756097560976,71.75121951219512,Back,0.0,0.0
R. Taylor,cfy4ashpksik9xzjedz5452xg,Inter Miami,13,70,93,23,1,8,6,9.775,0,0,0.75,0,0,0,0,37.90769230769231,62.25384615384615,Back,0.0,0.0
R. Taylor,ckmcmqo8boll33tc61hjgzfo4,Inter Miami,41,1,79,78,1,25,23,13.012,0,1,0.92,0,1,1,1,50.80487804878049,68.29024390243903,Back,0.0,1.0
R. Taylor,coxsvcbbbjq4d8wd51q299rtg,Inter Miami,21,56,97,41,1,8,6,15.3875,0,1,0.75,0,0,0,2,63.090476190476195,74.10952380952381,Center,0.0,0.0
R. Taylor,cwzw5swiesqr3ydy2yvam2xw4,Inter Miami,53,2,86,84,1,31,22,15.051612903225807,1,1,0.71,1,2,2,0,70.20943396226414,84.42830188679245,Center,0.5,1.0
R. Taylor,cxzecf9qypdtwu2zgjw90tuz8,Inter Miami,47,0,74,74,1,25,22,9.412,0,1,0.88,0,0,0,2,62.19787234042553,79.11063829787234,Left,0.0,0.0
R. Taylor,d2pikh7uihqma5tcma5kgqt5g,Inter Miami,35,1,68,67,1,22,21,11.55909090909091,0,1,0.955,0,1,1,1,49.80571428571429,82.16,Back,0.0,1.0
R. Taylor,da10g1075djkp576blwf02ot0,Inter Miami,57,0,77,77,1,37,29,12.716216216216216,0,1,0.784,0,0,0,3,53.954385964912284,73.88421052631578,Back,0.0,0.0
R. Taylor,ddekboxnr2o38pdizzdu85kb8,Inter Miami,42,1,75,74,1,19,15,12.489473684210527,0,1,0.789,0,3,2,2,59.84285714285714,62.81428571428571,Center,0.0,0.667
R. Taylor,dlgkjhvgnhkv4djzghrmg9hw,Inter Miami,51,6,57,51,1,30,25,15.886666666666667,0,3,0.833,0,1,1,1,74.63921568627451,82.1313725490196,Left,0.0,1.0
R. Taylor,do4qxfxt0q5pw0jd01cnrpd78,Inter Miami,10,78,93,15,1,2,2,32.05,0,0,1.0,0,0,0,1,59.839999999999996,50.25,Center,0.0,0.0
R. Taylor,dq4r9bl2r9hs0m18ya67hyq6s,Inter Miami,48,1,70,69,1,31,23,13.45483870967742,0,0,0.742,1,1,1,0,54.28958333333333,82.47500000000001,Back,1.0,1.0
R. Taylor,duikvoxe3gtbkfy24xuiy6nf8,Inter Miami,48,1,65,64,1,27,20,17.988888888888887,0,0,0.741,0,2,1,0,59.025,63.47083333333333,Center,0.0,0.5
R. Taylor,e4wnse667o2jzwpnq194v19n8,Inter Miami,12,79,96,17,1,8,6,16.5625,0,0,0.75,0,1,0,0,61.125,41.333333333333336,Center,0.0,0.0
R. Taylor,e8wyyiyq7fpikh679ufiez47o,Inter Miami,55,0,69,69,1,27,21,14.54814814814815,1,0,0.778,0,1,1,2,53.43636363636364,73.82363636363637,Back,0.0,1.0
R. Taylor,el0tqopdgbrk2t0qrb9b8brx0,Inter Miami,9,90,96,6,1,4,3,9.575,0,0,0.75,1,1,1,0,59.27777777777778,70.56666666666666,Left,1.0,1.0
R. Taylor,ete2n98x12os61ima2z2eb8k4,Inter Miami,29,2,66,64,1,20,14,14.86,0,0,0.7,0,1,0,0,65.32758620689656,72.57241379310345,Center,0.0,0.0
R. Taylor,f20c2s8dgvew3tjalw8rcohec,Inter Miami,25,2,71,69,1,11,9,14.581818181818182,0,0,0.818,0,1,1,1,52.64,74.704,Back,0.0,1.0
S. Borgelin,b46l3cvyvfs72fien9ikexel0,Inter Miami,6,83,91,8,1,3,1,10.233333333333333,0,0,0.333,0,0,0,0,53.25,8.0,Back,0.0,0.0
S. Borgelin,bdfjn1p7xzvv8y1scnapo8u1g,Inter Miami,8,82,95,13,1,0,0,0.0,0,0,0.0,0,2,1,0,48.1875,29.35,Back,0.0,0.5
S. Borgelin,be59y7ozml1e9bp99gudz26tw,Inter Miami,13,74,93,19,1,1,0,28.6,0,0,0.0,0,0,0,0,56.80769230769231,62.33076923076923,Center,0.0,0.0
S. Borgelin,bsfgyblk548coooab3nldi784,Inter Miami,53,0,96,96,1,22,14,13.363636363636363,0,0,0.636,0,1,1,5,57.130188679245286,37.96037735849057,Center,0.0,1.0
S. Borgelin,ddekboxnr2o38pdizzdu85kb8,Inter Miami,9,75,91,16,1,4,1,9.725,0,0,0.25,0,0,0,0,64.96666666666667,64.78888888888889,Center,0.0,0.0
S. Borgelin,do4qxfxt0q5pw0jd01cnrpd78,Inter Miami,6,94,100,6,1,1,0,25.8,0,0,0.0,0,0,0,0,65.26666666666667,66.78333333333333,Left,0.0,0.0
S. Kryvtsov,2sxfrjdudoknsnmimee3zvo4,Inter Miami,16,75,97,22,1,7,6,25.114285714285717,0,0,0.857,0,0,0,4,21.5125,29.96875,Back,0.0,0.0
S. Kryvtsov,9w8deaiy5uf0ih5oc7qhz3mc,Inter Miami,112,0,89,89,1,87,84,18.464367816091954,0,0,0.966,0,0,0,6,29.198214285714283,45.52589285714286,Back,0.0,0.0
S. Kryvtsov,ay6myrdic7bsjp8ooflsqra50,Inter Miami,91,0,93,93,1,54,49,20.24814814814815,0,0,0.907,0,0,0,9,23.065934065934066,63.22417582417582,Back,0.0,0.0
S. Kryvtsov,b46l3cvyvfs72fien9ikexel0,Inter Miami,97,0,95,95,1,80,74,20.43625,0,1,0.925,0,0,0,3,37.16804123711341,62.37525773195876,Back,0.0,0.0
S. Kryvtsov,b56dxdoyl4r6xmsx4d81rd7h0,Inter Miami,11,77,89,12,1,9,9,15.222222222222221,0,0,1.0,0,0,0,0,29.436363636363637,29.99090909090909,Back,0.0,0.0
S. Kryvtsov,bdfjn1p7xzvv8y1scnapo8u1g,Inter Miami,108,0,98,98,1,78,71,20.107692307692307,0,0,0.91,0,0,0,2,36.394444444444446,41.145370370370365,Back,0.0,0.0
S. Kryvtsov,be59y7ozml1e9bp99gudz26tw,Inter Miami,49,30,96,66,1,31,26,22.674193548387095,0,0,0.839,0,0,0,4,22.253061224489798,64.50408163265305,Back,0.0,0.0
S. Kryvtsov,bipgf5sgxyyiuukfq8aebsglw,Inter Miami,117,1,93,92,1,92,84,19.168478260869566,0,0,0.913,0,0,0,5,26.683760683760685,47.797435897435896,Back,0.0,0.0
S. Kryvtsov,cfy4ashpksik9xzjedz5452xg,Inter Miami,61,0,78,78,1,50,48,18.52,0,0,0.96,0,0,0,2,28.385245901639344,41.72950819672131,Back,0.0,0.0
S. Kryvtsov,ckmcmqo8boll33tc61hjgzfo4,Inter Miami,19,85,95,10,1,15,15,17.466666666666665,0,0,1.0,0,0,0,2,27.489473684210523,26.852631578947367,Back,0.0,0.0
S. Kryvtsov,coxsvcbbbjq4d8wd51q299rtg,Inter Miami,23,65,95,30,1,18,18,17.455555555555556,0,0,1.0,0,0,0,3,29.343478260869563,65.90869565217392,Back,0.0,0.0
S. Kryvtsov,cwzw5swiesqr3ydy2yvam2xw4,Inter Miami,106,0,96,96,1,77,73,18.18311688311688,0,0,0.948,0,0,0,12,24.881132075471697,67.43962264150943,Back,0.0,0.0
S. Kryvtsov,cxzecf9qypdtwu2zgjw90tuz8,Inter Miami,91,0,96,96,1,56,55,16.071428571428573,0,0,0.982,0,0,0,12,35.253846153846155,66.32527472527472,Back,0.0,0.0
S. Kryvtsov,d2pikh7uihqma5tcma5kgqt5g,Inter Miami,74,0,51,51,1,59,54,17.276271186440677,0,0,0.915,0,0,0,3,26.69864864864865,66.74189189189188,Back,0.0,0.0
S. Kryvtsov,da10g1075djkp576blwf02ot0,Inter Miami,72,0,90,90,1,48,42,19.654166666666665,0,0,0.875,0,0,0,6,28.956944444444446,69.61666666666666,Back,0.0,0.0
S. Kryvtsov,ddekboxnr2o38pdizzdu85kb8,Inter Miami,53,0,92,92,1,27,22,16.16296296296296,0,0,0.815,0,0,0,9,29.956603773584906,34.049056603773586,Back,0.0,0.0
S. Kryvtsov,do4qxfxt0q5pw0jd01cnrpd78,Inter Miami,74,0,95,95,1,59,50,17.372881355932204,0,0,0.847,0,0,0,2,30.466216216216218,34.11486486486486,Back,0.0,0.0
S. Kryvtsov,dq4r9bl2r9hs0m18ya67hyq6s,Inter Miami,57,1,49,48,1,39,36,16.794871794871796,0,0,0.923,0,0,0,3,23.414035087719295,68.30175438596491,Back,0.0,0.0
S. Kryvtsov,duikvoxe3gtbkfy24xuiy6nf8,Inter Miami,91,0,92,92,1,54,52,16.433333333333334,0,0,0.963,1,3,3,8,32.27582417582418,42.254945054945054,Back,0.333,1.0
S. Kryvtsov,e4wnse667o2jzwpnq194v19n8,Inter Miami,29,1,35,34,1,22,22,16.931818181818183,0,0,1.0,0,0,0,3,30.620689655172413,63.05862068965517,Back,0.0,0.0
S. Kryvtsov,edzhg7z0eusmz6th473w1f1g4,Inter Miami,1,90,90,0,1,0,0,0.0,0,0,0.0,0,0,0,0,0.0,0.0,Unknown,0.0,0.0
S. Kryvtsov,ete2n98x12os61ima2z2eb8k4,Inter Miami,72,1,79,78,1,60,55,21.06,0,1,0.917,0,0,0,3,34.00972222222222,65.74722222222222,Back,0.0,0.0
S. Kryvtsov,f20c2s8dgvew3tjalw8rcohec,Inter Miami,1,93,93,0,1,0,0,0.0,0,0,0.0,0,0,0,0,0.0,0.0,Unknown,0.0,0.0
Sergio Busquets,2sxfrjdudoknsnmimee3zvo4,Inter Miami,79,0,97,97,1,60,55,18.14,0,0,0.917,0,0,0,5,34.96835443037975,46.74810126582278,Back,0.0,0.0
Sergio Busquets,9w8deaiy5uf0ih5oc7qhz3mc,Inter Miami,51,60,91,31,1,33,24,18.051515151515154,0,0,0.727,0,0,0,4,39.80196078431373,44.772549019607844,Back,0.0,0.0
Sergio Busquets,ay6myrdic7bsjp8ooflsqra50,Inter Miami,90,0,83,83,1,65,59,15.058461538461538,0,0,0.908,0,1,1,4,39.04555555555555,47.57222222222222,Back,0.0,1.0
Sergio Busquets,b46l3cvyvfs72fien9ikexel0,Inter Miami,94,0,97,97,1,60,54,15.645000000000001,0,2,0.9,0,0,0,2,44.86382978723404,51.139361702127665,Back,0.0,0.0
Sergio Busquets,b56dxdoyl4r6xmsx4d81rd7h0,Inter Miami,87,0,92,92,1,68,54,13.669117647058824,0,2,0.794,0,0,0,0,44.50114942528735,43.89080459770115,Back,0.0,0.0
Sergio Busquets,bdfjn1p7xzvv8y1scnapo8u1g,Inter Miami,44,65,99,34,1,34,25,17.508823529411764,1,0,0.735,0,0,0,0,53.24318181818182,49.14545454545455,Center,0.0,0.0
Sergio Busquets,be59y7ozml1e9bp99gudz26tw,Inter Miami,92,0,96,96,1,47,36,18.621276595744682,0,2,0.766,0,0,0,8,39.97282608695652,51.9695652173913,Back,0.0,0.0
Sergio Busquets,bipgf5sgxyyiuukfq8aebsglw,Inter Miami,151,0,94,94,1,108,93,16.752777777777776,0,0,0.861,0,0,0,6,45.411258278145695,58.55033112582782,Back,0.0,0.0
Sergio Busquets,bo2j3mnedzz5ogqlyifb8a710,Inter Miami,129,0,98,98,1,97,85,16.221649484536083,0,0,0.876,0,0,0,2,41.08992248062016,63.65658914728683,Back,0.0,0.0
Sergio Busquets,bsfgyblk548coooab3nldi784,Inter Miami,49,55,96,41,1,38,34,15.24736842105263,0,2,0.895,0,0,0,2,43.31224489795919,50.74897959183673,Back,0.0,0.0
Sergio Busquets,byf955io6xgvf7su9y47ronx0,Inter Miami,120,0,98,98,1,97,87,15.194845360824743,0,0,0.897,0,0,0,8,44.1125,51.76416666666667,Back,0.0,0.0
Sergio Busquets,c1tdm3jz5an27cuz78xy86vpw,Inter Miami,97,0,96,96,1,72,63,16.67638888888889,0,0,0.875,1,1,1,4,37.63917525773196,48.29072164948453,Back,1.0,1.0
Sergio Busquets,c6vrgv87dm72s2y40q3ttva50,Inter Miami,111,0,94,94,1,86,78,16.25581395348837,1,0,0.907,0,0,0,3,47.689189189189186,49.22432432432432,Back,0.0,0.0
Sergio Busquets,cb9006cs9kehwz8ap1ck5yuxg,Inter Miami,121,0,96,96,1,96,88,14.978125,0,3,0.917,0,0,0,5,36.6,48.33057851239669,Back,0.0,0.0
Sergio Busquets,cfy4ashpksik9xzjedz5452xg,Inter Miami,92,0,89,89,1,70,60,17.214285714285715,0,0,0.857,0,0,0,2,44.47717391304348,43.040217391304346,Back,0.0,0.0
Sergio Busquets,ckmcmqo8boll33tc61hjgzfo4,Inter Miami,120,0,96,96,1,87,78,17.335632183908046,0,0,0.897,0,0,0,6,41.3625,43.195,Back,0.0,0.0
Sergio Busquets,coxsvcbbbjq4d8wd51q299rtg,Inter Miami,110,0,98,98,1,78,66,17.164102564102564,1,0,0.846,0,0,0,6,49.03454545454546,47.60909090909091,Center,0.0,0.0
Sergio Busquets,cxzecf9qypdtwu2zgjw90tuz8,Inter Miami,105,0,97,97,1,81,76,12.562962962962963,1,1,0.938,0,0,0,5,54.653333333333336,45.660000000000004,Center,0.0,0.0
Sergio Busquets,d2pikh7uihqma5tcma5kgqt5g,Inter Miami,127,2,94,92,1,96,82,16.594791666666666,0,0,0.854,0,0,0,5,39.460629921259844,49.507086614173225,Back,0.0,0.0
Sergio Busquets,da10g1075djkp576blwf02ot0,Inter Miami,96,0,100,100,1,63,56,14.909523809523808,0,1,0.889,0,0,0,6,42.697916666666664,53.734375,Back,0.0,0.0
Sergio Busquets,ddekboxnr2o38pdizzdu85kb8,Inter Miami,65,0,93,93,1,42,37,17.371428571428574,0,0,0.881,0,0,0,5,29.076923076923077,52.7123076923077,Back,0.0,0.0
Sergio Busquets,dlgkjhvgnhkv4djzghrmg9hw,Inter Miami,122,0,92,92,1,93,86,20.851612903225806,0,0,0.925,0,0,0,4,50.31885245901639,57.39754098360656,Back,0.0,0.0
Sergio Busquets,do4qxfxt0q5pw0jd01cnrpd78,Inter Miami,84,1,98,97,1,66,61,17.945454545454545,0,1,0.924,0,0,0,4,33.87142857142857,69.58571428571429,Back,0.0,0.0
Sergio Busquets,dq4r9bl2r9hs0m18ya67hyq6s,Inter Miami,100,0,98,98,1,75,72,18.313333333333333,0,0,0.96,0,0,0,5,30.616,64.383,Back,0.0,0.0
Sergio Busquets,duikvoxe3gtbkfy24xuiy6nf8,Inter Miami,75,0,61,61,1,47,40,20.593617021276597,0,0,0.851,0,0,0,8,33.818666666666665,65.67066666666666,Back,0.0,0.0
Sergio Busquets,e8wyyiyq7fpikh679ufiez47o,Inter Miami,90,0,93,93,1,75,73,21.010666666666665,0,1,0.973,0,0,0,5,32.016666666666666,66.69444444444444,Back,0.0,0.0
Sergio Busquets,edzhg7z0eusmz6th473w1f1g4,Inter Miami,96,0,92,92,1,54,46,23.253703703703703,0,0,0.852,0,0,0,9,29.09166666666667,42.159375000000004,Back,0.0,0.0
Sergio Busquets,el0tqopdgbrk2t0qrb9b8brx0,Inter Miami,95,0,96,96,1,65,59,21.6,0,0,0.908,0,0,0,9,28.82,43.45789473684211,Back,0.0,0.0
Sergio Busquets,eppstv8yepw0feyhm7d7sxvkk,Inter Miami,85,0,94,94,1,59,58,13.866101694915255,0,0,0.983,0,0,0,3,42.65176470588236,54.461176470588235,Back,0.0,0.0
Sergio Busquets,f3dhoiulp1kcatx9kog50j28k,Inter Miami,108,0,100,100,1,84,81,21.607142857142858,0,0,0.964,0,0,0,11,37.46018518518518,66.93611111111112,Back,0.0,0.0
T. Avilés,9w8deaiy5uf0ih5oc7qhz3mc,Inter Miami,103,2,94,92,1,83,71,20.0855421686747,0,0,0.855,0,0,0,5,36.50388349514563,20.858252427184468,Back,0.0,0.0
T. Avilés,ay6myrdic7bsjp8ooflsqra50,Inter Miami,75,0,76,76,1,53,47,19.61320754716981,0,0,0.887,0,0,0,8,31.973333333333333,31.028,Back,0.0,0.0
T. Avilés,b46l3cvyvfs72fien9ikexel0,Inter Miami,89,0,97,97,1,74,70,19.991891891891893,0,0,0.946,0,0,0,4,37.8247191011236,28.519101123595505,Back,0.0,0.0
T. Avilés,b56dxdoyl4r6xmsx4d81rd7h0,Inter Miami,75,0,77,77,1,46,40,17.932608695652174,0,0,0.87,0,0,0,8,23.561333333333334,26.362666666666666,Back,0.0,0.0
T. Avilés,bdfjn1p7xzvv8y1scnapo8u1g,Inter Miami,76,0,65,65,1,55,50,19.632727272727273,0,1,0.909,0,0,0,5,34.08421052631579,23.093421052631577,Back,0.0,0.0
T. Avilés,be59y7ozml1e9bp99gudz26tw,Inter Miami,67,0,97,97,1,36,29,18.647222222222222,0,0,0.806,0,1,0,9,25.31940298507463,35.26417910447761,Back,0.0,0.0
T. Avilés,bipgf5sgxyyiuukfq8aebsglw,Inter Miami,99,0,73,73,1,72,59,19.395833333333332,0,0,0.819,0,0,0,5,30.58282828282828,22.023232323232325,Back,0.0,0.0
T. Avilés,bo2j3mnedzz5ogqlyifb8a710,Inter Miami,47,64,98,34,1,31,28,22.729032258064517,0,0,0.903,0,0,0,1,36.41702127659574,36.41276595744681,Back,0.0,0.0
T. Avilés,bsfgyblk548coooab3nldi784,Inter Miami,37,7,55,48,1,23,22,19.034782608695654,0,0,0.957,0,2,1,1,43.35945945945946,56.802702702702696,Back,0.0,0.5
T. Avilés,byf955io6xgvf7su9y47ronx0,Inter Miami,107,0,98,98,1,75,65,18.442666666666668,0,0,0.867,0,0,0,6,33.28971962616822,34.70841121495327,Back,0.0,0.0
T. Avilés,c1tdm3jz5an27cuz78xy86vpw,Inter Miami,78,0,96,96,1,55,48,20.869090909090907,0,0,0.873,0,0,0,12,20.075641025641026,36.465384615384615,Back,0.0,0.0
T. Avilés,c6vrgv87dm72s2y40q3ttva50,Inter Miami,102,0,92,92,1,72,68,17.29861111111111,0,0,0.944,0,0,0,9,34.80490196078431,32.991176470588236,Back,0.0,0.0
T. Avilés,cb9006cs9kehwz8ap1ck5yuxg,Inter Miami,129,0,93,93,1,99,92,19.265656565656567,0,0,0.929,0,2,1,9,27.262015503875972,35.98449612403101,Back,0.0,0.5
T. Avilés,ckmcmqo8boll33tc61hjgzfo4,Inter Miami,103,0,85,85,1,77,71,15.700000000000001,0,1,0.922,0,0,0,7,37.07572815533981,32.036893203883494,Back,0.0,0.0
T. Avilés,coxsvcbbbjq4d8wd51q299rtg,Inter Miami,106,0,99,99,1,84,79,19.072619047619046,0,0,0.94,0,0,0,3,37.12830188679245,40.133962264150945,Back,0.0,0.0
T. Avilés,cwzw5swiesqr3ydy2yvam2xw4,Inter Miami,86,0,98,98,1,66,60,21.48030303030303,0,0,0.909,0,0,0,7,24.929069767441863,40.45116279069768,Back,0.0,0.0
T. Avilés,cxzecf9qypdtwu2zgjw90tuz8,Inter Miami,96,0,96,96,1,70,68,18.04857142857143,0,0,0.971,0,1,1,5,36.88854166666667,37.338541666666664,Back,0.0,1.0
T. Avilés,d2pikh7uihqma5tcma5kgqt5g,Inter Miami,100,0,94,94,1,82,76,18.378048780487806,0,0,0.927,0,0,0,5,30.499000000000002,31.09,Back,0.0,0.0
T. Avilés,da10g1075djkp576blwf02ot0,Inter Miami,63,0,83,83,1,37,35,18.318918918918918,0,0,0.946,0,0,0,3,28.00952380952381,32.85238095238095,Back,0.0,0.0
T. Avilés,dlgkjhvgnhkv4djzghrmg9hw,Inter Miami,105,0,92,92,1,89,81,20.665168539325844,0,0,0.91,0,0,0,1,38.91428571428571,33.71809523809524,Back,0.0,0.0
T. Avilés,dq4r9bl2r9hs0m18ya67hyq6s,Inter Miami,95,0,90,90,1,68,63,20.51764705882353,0,0,0.926,0,0,0,9,26.812631578947368,32.20210526315789,Back,0.0,0.0
T. Avilés,e4wnse667o2jzwpnq194v19n8,Inter Miami,95,1,95,94,1,76,74,20.303947368421053,0,0,0.974,0,0,0,10,29.481052631578944,34.37789473684211,Back,0.0,0.0
T. Avilés,e8wyyiyq7fpikh679ufiez47o,Inter Miami,81,1,86,85,1,56,53,21.323214285714283,0,1,0.946,0,1,1,6,33.92222222222222,34.53456790123457,Back,0.0,1.0
T. Avilés,edzhg7z0eusmz6th473w1f1g4,Inter Miami,30,2,41,39,1,16,13,18.3625,0,0,0.812,0,0,0,3,30.790000000000003,25.52333333333333,Back,0.0,0.0
T. Avilés,eppstv8yepw0feyhm7d7sxvkk,Inter Miami,94,0,96,96,1,67,61,17.255223880597015,0,0,0.91,0,1,0,4,34.22234042553192,35.76063829787234,Back,0.0,0.0
T. Avilés,f20c2s8dgvew3tjalw8rcohec,Inter Miami,87,0,94,94,1,57,50,20.50175438596491,0,0,0.877,0,0,0,7,25.080459770114942,36.51609195402299,Back,0.0,0.0
T. Avilés,f3dhoiulp1kcatx9kog50j28k,Inter Miami,104,0,92,92,1,76,69,20.647368421052633,0,1,0.908,0,0,0,6,35.84903846153846,34.71346153846154,Back,0.0,0.0
Y. Bright,2sxfrjdudoknsnmimee3zvo4,Inter Miami,86,0,98,98,1,62,57,12.94516129032258,0,0,0.919,0,0,0,4,48.80232558139535,50.37906976744186,Back,0.0,0.0
Y. Bright,9w8deaiy5uf0ih5oc7qhz3mc,Inter Miami,29,70,95,25,1,18,14,15.450000000000001,0,0,0.778,0,0,0,1,46.282758620689656,62.46896551724138,Back,0.0,0.0
Y. Bright,bipgf5sgxyyiuukfq8aebsglw,Inter Miami,52,58,94,36,1,32,24,14.88125,0,0,0.75,0,0,0,4,47.37115384615385,53.82692307692308,Back,0.0,0.0
Y. Bright,bo2j3mnedzz5ogqlyifb8a710,Inter Miami,72,0,64,64,1,44,38,14.995454545454544,0,0,0.864,0,0,0,2,49.422222222222224,43.979166666666664,Back,0.0,0.0
Y. Bright,byf955io6xgvf7su9y47ronx0,Inter Miami,14,92,99,7,1,5,2,21.44,0,0,0.4,0,0,0,1,36.56428571428571,53.135714285714286,Back,0.0,0.0
Y. Bright,c1tdm3jz5an27cuz78xy86vpw,Inter Miami,36,73,95,22,1,19,18,13.942105263157897,0,0,0.947,0,0,0,4,38.56666666666667,49.28055555555555,Back,0.0,0.0
Y. Bright,cb9006cs9kehwz8ap1ck5yuxg,Inter Miami,37,65,93,28,1,27,24,13.94074074074074,0,0,0.889,0,0,0,0,37.34864864864865,55.943243243243245,Back,0.0,0.0
Y. Bright,cfy4ashpksik9xzjedz5452xg,Inter Miami,14,78,93,15,1,8,8,21.2,0,0,1.0,0,0,0,1,33.66428571428572,39.92857142857143,Back,0.0,0.0
Y. Bright,cwzw5swiesqr3ydy2yvam2xw4,Inter Miami,75,1,98,97,1,34,26,20.241176470588236,0,0,0.765,0,0,0,9,38.04533333333333,46.788,Back,0.0,0.0
Y. Bright,da10g1075djkp576blwf02ot0,Inter Miami,20,77,100,23,1,6,3,13.283333333333333,1,0,0.5,0,0,0,4,34.695,69.425,Back,0.0,0.0
Y. Bright,ddekboxnr2o38pdizzdu85kb8,Inter Miami,74,0,92,92,1,36,32,16.816666666666666,0,0,0.889,0,0,0,13,35.43783783783784,57.21351351351352,Back,0.0,0.0
Y. Bright,dlgkjhvgnhkv4djzghrmg9hw,Inter Miami,81,2,92,90,1,46,42,18.332608695652173,1,0,0.913,0,0,0,5,53.06172839506173,46.00493827160494,Back,0.0,0.0
Y. Bright,do4qxfxt0q5pw0jd01cnrpd78,Inter Miami,64,1,98,97,1,38,31,16.173684210526318,0,0,0.816,0,0,0,7,36.5875,56.921875,Back,0.0,0.0
Y. Bright,dq4r9bl2r9hs0m18ya67hyq6s,Inter Miami,46,45,98,53,1,30,26,15.893333333333334,0,0,0.867,0,0,0,2,40.21086956521739,56.99782608695652,Back,0.0,0.0
Y. Bright,duikvoxe3gtbkfy24xuiy6nf8,Inter Miami,89,0,92,92,1,47,38,13.431914893617021,0,0,0.809,0,1,0,10,43.034831460674155,59.379775280898876,Back,0.0,0.0
Y. Bright,e4wnse667o2jzwpnq194v19n8,Inter Miami,84,1,96,95,1,47,43,15.74255319148936,0,1,0.915,0,2,0,6,43.989285714285714,52.44642857142857,Back,0.0,0.0
Y. Bright,e8wyyiyq7fpikh679ufiez47o,Inter Miami,79,0,93,93,1,38,35,14.171052631578947,0,1,0.921,0,0,0,11,36.08101265822785,49.30379746835443,Back,0.0,0.0
Y. Bright,edzhg7z0eusmz6th473w1f1g4,Inter Miami,82,0,93,93,1,41,36,15.190243902439024,0,0,0.878,0,0,0,9,40.29512195121951,56.480487804878045,Back,0.0,0.0
Y. Bright,el0tqopdgbrk2t0qrb9b8brx0,Inter Miami,77,3,95,92,1,39,38,14.371794871794872,0,0,0.974,0,0,0,5,43.932467532467534,57.96623376623376,Back,0.0,0.0
Y. Bright,eppstv8yepw0feyhm7d7sxvkk,Inter Miami,10,79,96,17,1,5,3,21.4,0,0,0.6,0,0,0,1,31.28,53.629999999999995,Back,0.0,0.0
Y. Bright,ete2n98x12os61ima2z2eb8k4,Inter Miami,70,0,93,93,1,46,42,17.226086956521737,0,0,0.913,0,0,0,5,39.660000000000004,51.11571428571428,Back,0.0,0.0
Y. Bright,f20c2s8dgvew3tjalw8rcohec,Inter Miami,64,0,90,90,1,30,26,17.720000000000002,0,0,0.867,0,0,0,7,43.171875,55.0953125,Back,0.0,0.0
Y. Bright,f3dhoiulp1kcatx9kog50j28k,Inter Miami,100,0,92,92,1,64,57,14.975,0,2,0.891,0,0,0,6,46.858999999999995,51.808,Back,0.0,0.0
Ó. Ustari,9w8deaiy5uf0ih5oc7qhz3mc,Inter Miami,70,0,95,95,1,47,42,23.90212765957447,0,0,0.894,0,0,0,0,8.780000000000001,49.21714285714285,Back,0.0,0.0
